account_number,customer_id,account_type,open_date,balance,status
ACC-00001,CUST-0001,Savings,2018-07-01,90580.0,ACTIVE
ACC-00002,CUST-0002,Credit Card,2022-09-08,90932.0,ACTIVE
ACC-00003,CUST-0003,Savings,2026-04-01,45056.0,ACTIVE
ACC-00004,CUST-0004,Checking,2024-08-18,74287.0,ACTIVE
ACC-00005,CUST-0005,Savings,2024-09-17,1993.0,ACTIVE
ACC-00006,CUST-0006,Savings,2026-01-08,23956.0,ACTIVE
ACC-00007,CUST-0007,Checking,2022-08-01,9196.0,ACTIVE
ACC-00008,CUST-0008,Savings,2025-09-10,6661.0,ACTIVE
ACC-00009,CUST-0008,Savings,2019-10-15,20384.0,ACTIVE
ACC-00010,CUST-0009,Credit Card,2022-12-13,7052.0,ACTIVE
ACC-00011,CUST-0009,Checking,2022-04-27,50793.0,ACTIVE
ACC-00012,CUST-0010,Credit Card,2021-01-15,9752.0,ACTIVE
ACC-00013,CUST-0011,Credit Card,2026-06-21,79542.0,ACTIVE
ACC-00014,CUST-0011,Savings,2023-04-24,2653.0,ACTIVE
ACC-00015,CUST-0012,Savings,2022-11-28,38153.0,ACTIVE
ACC-00016,CUST-0013,Checking,2019-11-23,1861.0,ACTIVE
ACC-00017,CUST-0014,Credit Card,2026-07-14,8540.0,ACTIVE
ACC-00018,CUST-0014,Credit Card,2026-07-08,60825.0,ACTIVE
ACC-00019,CUST-0015,Credit Card,2022-03-16,49404.0,ACTIVE
ACC-00020,CUST-0016,Credit Card,2020-02-08,4372799.0,ACTIVE
ACC-00021,CUST-0016,Savings,2022-05-06,2905.0,DORMANT
ACC-00022,CUST-0017,Credit Card,2023-09-10,46952.0,ACTIVE
ACC-00023,CUST-0018,Checking,2023-01-05,24647.0,ACTIVE
ACC-00024,CUST-0019,Savings,2019-02-28,4675.0,ACTIVE
ACC-00025,CUST-0020,Credit Card,2022-03-13,1818267.0,ACTIVE
ACC-00026,CUST-0020,Savings,2019-09-28,66038.0,ACTIVE
ACC-00027,CUST-0021,Credit Card,2018-09-19,1497.0,ACTIVE
ACC-00028,CUST-0022,Savings,2023-05-14,89092.0,ACTIVE
ACC-00029,CUST-0022,Checking,2026-04-21,80005.0,ACTIVE
ACC-00030,CUST-0023,Checking,2025-04-29,3674.0,ACTIVE
ACC-00031,CUST-0024,Savings,2022-06-16,25071.0,ACTIVE
ACC-00032,CUST-0025,Checking,2022-01-11,4616.0,ACTIVE
ACC-00033,CUST-0025,Credit Card,2024-04-30,4733.0,ACTIVE
ACC-00034,CUST-0026,Credit Card,2022-10-09,4502.0,ACTIVE
ACC-00035,CUST-0027,Credit Card,2019-06-30,9541.0,ACTIVE
ACC-00036,CUST-0028,Checking,2022-05-09,79734.0,ACTIVE
ACC-00037,CUST-0028,Savings,2021-02-06,7864.0,ACTIVE
ACC-00038,CUST-0029,Savings,2019-08-25,1203.0,ACTIVE
ACC-00039,CUST-0030,Credit Card,2020-01-06,32250.0,ACTIVE
ACC-00040,CUST-0030,Credit Card,2025-02-01,2564431.0,ACTIVE
ACC-00041,CUST-0031,Savings,2022-12-24,5610.0,ACTIVE
ACC-00042,CUST-0032,Savings,2025-07-22,6689.0,ACTIVE
ACC-00043,CUST-0033,Savings,2020-02-10,9874.0,ACTIVE
ACC-00044,CUST-0033,Savings,2025-06-16,7646.0,ACTIVE
ACC-00045,CUST-0034,Savings,2019-01-23,9524.0,ACTIVE
ACC-00046,CUST-0034,Credit Card,2025-05-29,9491.0,ACTIVE
ACC-00047,CUST-0035,Savings,2021-12-21,91110.0,ACTIVE
ACC-00048,CUST-0036,Savings,2022-12-25,70573.0,ACTIVE
ACC-00049,CUST-0037,Credit Card,2019-05-12,99365.0,ACTIVE
ACC-00050,CUST-0038,Checking,2025-08-15,65743.0,ACTIVE
ACC-00051,CUST-0038,Checking,2019-02-28,1773017.0,ACTIVE
ACC-00052,CUST-0039,Credit Card,2023-02-09,4601.0,ACTIVE
ACC-00053,CUST-0039,Savings,2023-07-30,6226.0,ACTIVE
ACC-00054,CUST-0040,Checking,2025-03-24,77472.0,ACTIVE
ACC-00055,CUST-0041,Credit Card,2019-02-09,1952.0,ACTIVE
ACC-00056,CUST-0042,Credit Card,2021-08-08,5610.0,ACTIVE
ACC-00057,CUST-0042,Checking,2025-08-16,22217.0,ACTIVE
ACC-00058,CUST-0043,Savings,2023-11-06,8867.0,ACTIVE
ACC-00059,CUST-0044,Checking,2019-11-01,1692.0,ACTIVE
ACC-00060,CUST-0045,Credit Card,2020-09-07,5751.0,ACTIVE
ACC-00061,CUST-0046,Savings,2018-10-18,3236.0,ACTIVE
ACC-00062,CUST-0046,Savings,2022-09-13,9057.0,ACTIVE
ACC-00063,CUST-0046,Credit Card,2023-09-13,65048.0,ACTIVE
ACC-00064,CUST-0047,Savings,2021-10-15,4694.0,ACTIVE
ACC-00065,CUST-0048,Savings,2025-01-24,3517.0,ACTIVE
ACC-00066,CUST-0049,Checking,2021-04-03,86058.0,ACTIVE
ACC-00067,CUST-0050,Savings,2022-04-01,2619.0,ACTIVE
ACC-00068,CUST-0051,Checking,2023-09-15,32667.0,ACTIVE
ACC-00069,CUST-0051,Credit Card,2020-07-04,3066.0,ACTIVE
ACC-00070,CUST-0052,Savings,2020-03-19,40745.0,ACTIVE
ACC-00071,CUST-0053,Checking,2022-11-15,3369.0,ACTIVE
ACC-00072,CUST-0054,Credit Card,2024-12-21,3796.0,ACTIVE
ACC-00073,CUST-0055,Checking,2026-02-04,3304.0,ACTIVE
ACC-00074,CUST-0056,Checking,2025-07-20,695.0,ACTIVE
ACC-00075,CUST-0056,Checking,2020-12-22,72269.0,ACTIVE
ACC-00076,CUST-0057,Savings,2021-06-28,80879.0,ACTIVE
ACC-00077,CUST-0058,Checking,2026-02-21,4170523.0,ACTIVE
ACC-00078,CUST-0058,Savings,2025-12-20,880782.0,ACTIVE
ACC-00079,CUST-0059,Credit Card,2026-01-08,42706.0,ACTIVE
ACC-00080,CUST-0059,Checking,2021-08-03,4258.0,ACTIVE
ACC-00081,CUST-0060,Savings,2022-06-22,1993.0,ACTIVE
ACC-00082,CUST-0061,Checking,2018-09-06,7713.0,ACTIVE
ACC-00083,CUST-0062,Credit Card,2020-07-21,8956.0,ACTIVE
ACC-00084,CUST-0063,Credit Card,2024-11-25,9899.0,ACTIVE
ACC-00085,CUST-0063,Checking,2020-07-25,5264.0,ACTIVE
ACC-00086,CUST-0064,Savings,2019-09-24,3240.0,ACTIVE
ACC-00087,CUST-0065,Credit Card,2020-08-11,31887.0,ACTIVE
ACC-00088,CUST-0066,Credit Card,2021-04-28,35058.0,ACTIVE
ACC-00089,CUST-0066,Checking,2025-12-08,4763.0,ACTIVE
ACC-00090,CUST-0067,Savings,2024-07-06,5894.0,ACTIVE
ACC-00091,CUST-0068,Savings,2021-06-19,653.0,ACTIVE
ACC-00092,CUST-0069,Savings,2025-10-06,87548.0,ACTIVE
ACC-00093,CUST-0070,Checking,2023-12-18,4574.0,DORMANT
ACC-00094,CUST-0070,Checking,2018-11-17,723.0,ACTIVE
ACC-00095,CUST-0070,Savings,2023-08-02,5229.0,DORMANT
ACC-00096,CUST-0071,Credit Card,2022-08-27,7449.0,ACTIVE
ACC-00097,CUST-0072,Credit Card,2018-09-25,3615.0,DORMANT
ACC-00098,CUST-0072,Savings,2023-08-04,56059.0,ACTIVE
ACC-00099,CUST-0072,Checking,2023-12-26,4113.0,ACTIVE
ACC-00100,CUST-0073,Checking,2020-02-12,6210.0,ACTIVE
ACC-00101,CUST-0074,Credit Card,2019-02-27,3990.0,ACTIVE
ACC-00102,CUST-0074,Checking,2026-05-14,19472.0,ACTIVE
ACC-00103,CUST-0075,Checking,2018-08-24,24987.0,ACTIVE
ACC-00104,CUST-0076,Savings,2021-05-02,3775.0,ACTIVE
ACC-00105,CUST-0077,Checking,2019-06-06,7036.0,ACTIVE
ACC-00106,CUST-0078,Savings,2022-12-25,70858.0,ACTIVE
ACC-00107,CUST-0079,Credit Card,2018-08-09,4381.0,ACTIVE
ACC-00108,CUST-0080,Credit Card,2022-07-29,97819.0,ACTIVE
ACC-00109,CUST-0080,Savings,2021-04-25,68026.0,ACTIVE
ACC-00110,CUST-0080,Credit Card,2022-08-20,3200.0,ACTIVE
ACC-00111,CUST-0081,Savings,2025-08-22,27705.0,ACTIVE
ACC-00112,CUST-0081,Checking,2025-09-30,56374.0,ACTIVE
ACC-00113,CUST-0082,Credit Card,2024-10-21,9191.0,ACTIVE
ACC-00114,CUST-0082,Credit Card,2023-06-09,81370.0,ACTIVE
ACC-00115,CUST-0083,Checking,2023-05-27,66078.0,ACTIVE
ACC-00116,CUST-0084,Checking,2022-10-19,935561.0,ACTIVE
ACC-00117,CUST-0084,Credit Card,2026-07-11,6209.0,ACTIVE
ACC-00118,CUST-0085,Checking,2022-12-25,4692.0,ACTIVE
ACC-00119,CUST-0085,Savings,2025-04-10,1714.0,ACTIVE
ACC-00120,CUST-0085,Checking,2022-04-20,56136.0,ACTIVE
ACC-00121,CUST-0086,Savings,2020-10-03,5966.0,ACTIVE
ACC-00122,CUST-0087,Savings,2024-10-08,1211443.0,ACTIVE
ACC-00123,CUST-0087,Credit Card,2019-08-03,4266.0,ACTIVE
ACC-00124,CUST-0088,Checking,2024-05-26,9808.0,ACTIVE
ACC-00125,CUST-0089,Credit Card,2023-09-27,85521.0,ACTIVE
ACC-00126,CUST-0089,Checking,2020-06-25,3406.0,ACTIVE
ACC-00127,CUST-0090,Checking,2019-12-07,3551.0,ACTIVE
ACC-00128,CUST-0091,Savings,2018-08-25,5686.0,ACTIVE
ACC-00129,CUST-0092,Credit Card,2021-11-15,62261.0,ACTIVE
ACC-00130,CUST-0092,Credit Card,2022-06-30,4859.0,ACTIVE
ACC-00131,CUST-0092,Checking,2023-07-17,5906.0,ACTIVE
ACC-00132,CUST-0093,Checking,2025-04-27,9067.0,ACTIVE
ACC-00133,CUST-0094,Credit Card,2021-03-30,32998.0,ACTIVE
ACC-00134,CUST-0095,Credit Card,2025-06-21,4289.0,ACTIVE
ACC-00135,CUST-0096,Credit Card,2020-12-27,44063.0,ACTIVE
ACC-00136,CUST-0097,Checking,2024-07-11,3526.0,ACTIVE
ACC-00137,CUST-0098,Credit Card,2020-11-05,10171.0,ACTIVE
ACC-00138,CUST-0099,Checking,2020-03-02,975.0,ACTIVE
ACC-00139,CUST-0100,Savings,2018-05-31,4534.0,ACTIVE
ACC-00140,CUST-0101,Savings,2021-09-22,9829.0,ACTIVE
ACC-00141,CUST-0102,Credit Card,2026-05-14,3013.0,ACTIVE
ACC-00142,CUST-0103,Checking,2022-08-22,7682.0,ACTIVE
ACC-00143,CUST-0103,Credit Card,2025-05-13,2228.0,ACTIVE
ACC-00144,CUST-0104,Savings,2024-05-12,65656.0,ACTIVE
ACC-00145,CUST-0105,Checking,2026-02-09,6109.0,ACTIVE
ACC-00146,CUST-0105,Checking,2022-11-15,1001.0,ACTIVE
ACC-00147,CUST-0105,Savings,2022-11-05,6205.0,ACTIVE
ACC-00148,CUST-0105,Checking,2025-04-30,3944.0,ACTIVE
ACC-00149,CUST-0106,Savings,2023-11-26,1687.0,ACTIVE
ACC-00150,CUST-0106,Checking,2021-07-05,12365.0,ACTIVE
ACC-00151,CUST-0107,Checking,2023-09-28,1958445.0,ACTIVE
ACC-00152,CUST-0107,Checking,2026-07-22,3314.0,ACTIVE
ACC-00153,CUST-0107,Credit Card,2019-03-03,773.0,DORMANT
ACC-00154,CUST-0108,Checking,2025-07-03,4528.0,ACTIVE
ACC-00155,CUST-0109,Checking,2019-11-24,69248.0,ACTIVE
ACC-00156,CUST-0110,Checking,2024-01-14,3188.0,ACTIVE
ACC-00157,CUST-0111,Credit Card,2021-02-02,25656.0,ACTIVE
ACC-00158,CUST-0112,Credit Card,2022-04-03,44745.0,ACTIVE
ACC-00159,CUST-0113,Checking,2018-09-07,5427.0,ACTIVE
ACC-00160,CUST-0114,Savings,2023-03-20,1797929.0,ACTIVE
ACC-00161,CUST-0115,Checking,2021-07-24,7881.0,ACTIVE
ACC-00162,CUST-0115,Checking,2019-11-29,4305.0,ACTIVE
ACC-00163,CUST-0116,Savings,2024-11-18,3725.0,ACTIVE
ACC-00164,CUST-0116,Checking,2019-09-21,197.0,ACTIVE
ACC-00165,CUST-0117,Credit Card,2022-11-03,7029.0,ACTIVE
ACC-00166,CUST-0118,Savings,2026-05-23,6526.0,ACTIVE
ACC-00167,CUST-0118,Savings,2020-11-24,7949.0,ACTIVE
ACC-00168,CUST-0119,Savings,2018-08-31,7722.0,ACTIVE
ACC-00169,CUST-0120,Credit Card,2021-01-18,9482.0,ACTIVE
ACC-00170,CUST-0121,Savings,2020-10-15,4200121.0,ACTIVE
ACC-00171,CUST-0122,Checking,2025-01-06,2168.0,ACTIVE
ACC-00172,CUST-0123,Credit Card,2018-07-05,760.0,ACTIVE
ACC-00173,CUST-0123,Savings,2019-01-21,66426.0,ACTIVE
ACC-00174,CUST-0124,Credit Card,2023-02-10,8397.0,ACTIVE
ACC-00175,CUST-0125,Savings,2019-07-20,3675270.0,ACTIVE
ACC-00176,CUST-0126,Checking,2024-03-27,95977.0,ACTIVE
ACC-00177,CUST-0127,Credit Card,2022-02-02,99419.0,ACTIVE
ACC-00178,CUST-0128,Checking,2023-11-07,3556.0,ACTIVE
ACC-00179,CUST-0128,Credit Card,2024-05-12,8082.0,ACTIVE
ACC-00180,CUST-0129,Savings,2020-09-07,9691.0,ACTIVE
ACC-00181,CUST-0130,Savings,2025-12-11,8865.0,ACTIVE
ACC-00182,CUST-0130,Credit Card,2018-12-26,77289.0,ACTIVE
ACC-00183,CUST-0130,Savings,2021-03-01,9930.0,ACTIVE
ACC-00184,CUST-0131,Checking,2023-04-24,89821.0,ACTIVE
ACC-00185,CUST-0132,Credit Card,2021-05-10,5387.0,ACTIVE
ACC-00186,CUST-0133,Savings,2023-07-27,2512.0,ACTIVE
ACC-00187,CUST-0134,Credit Card,2019-02-28,97014.0,ACTIVE
ACC-00188,CUST-0135,Checking,2022-04-11,4107.0,ACTIVE
ACC-00189,CUST-0136,Savings,2023-06-01,1647.0,ACTIVE
ACC-00190,CUST-0137,Checking,2019-02-05,28024.0,ACTIVE
ACC-00191,CUST-0138,Savings,2019-10-31,1119545.0,ACTIVE
ACC-00192,CUST-0139,Checking,2021-02-09,3056069.0,ACTIVE
ACC-00193,CUST-0139,Credit Card,2020-10-31,5475.0,ACTIVE
ACC-00194,CUST-0140,Credit Card,2025-09-23,8731.0,ACTIVE
ACC-00195,CUST-0141,Checking,2022-12-15,28770.0,ACTIVE
ACC-00196,CUST-0141,Credit Card,2020-04-09,6966.0,ACTIVE
ACC-00197,CUST-0141,Savings,2024-11-17,2228.0,ACTIVE
ACC-00198,CUST-0142,Credit Card,2023-06-25,63431.0,ACTIVE
ACC-00199,CUST-0143,Credit Card,2026-05-30,2339276.0,ACTIVE
ACC-00200,CUST-0143,Credit Card,2024-07-06,7735.0,ACTIVE
ACC-00201,CUST-0143,Credit Card,2021-01-28,9695.0,ACTIVE
ACC-00202,CUST-0144,Savings,2025-03-16,9821.0,ACTIVE
ACC-00203,CUST-0144,Savings,2018-08-23,50553.0,ACTIVE
ACC-00204,CUST-0145,Checking,2022-01-05,4778124.0,ACTIVE
ACC-00205,CUST-0146,Checking,2024-11-08,9758.0,ACTIVE
ACC-00206,CUST-0147,Savings,2019-12-18,7747.0,ACTIVE
ACC-00207,CUST-0148,Savings,2026-07-18,7516.0,ACTIVE
ACC-00208,CUST-0148,Savings,2025-07-21,573191.0,ACTIVE
ACC-00209,CUST-0148,Checking,2026-07-15,1275544.0,ACTIVE
ACC-00210,CUST-0149,Credit Card,2026-02-10,39601.0,ACTIVE
ACC-00211,CUST-0149,Checking,2026-02-05,10240.0,ACTIVE
ACC-00212,CUST-0150,Checking,2021-07-15,4917921.0,ACTIVE
ACC-00213,CUST-0150,Savings,2020-01-12,67132.0,ACTIVE
ACC-00214,CUST-0151,Credit Card,2026-07-17,9706.0,ACTIVE
ACC-00215,CUST-0151,Checking,2026-07-19,85739.0,ACTIVE
ACC-00216,CUST-0151,Checking,2026-07-08,97699.0,ACTIVE
ACC-00217,CUST-0152,Savings,2022-11-03,9440.0,ACTIVE
ACC-00218,CUST-0152,Savings,2026-05-22,4239047.0,ACTIVE
ACC-00219,CUST-0153,Credit Card,2023-12-06,66433.0,ACTIVE
ACC-00220,CUST-0154,Credit Card,2019-02-17,4000.0,ACTIVE
ACC-00221,CUST-0155,Savings,2019-06-20,8240.0,ACTIVE
ACC-00222,CUST-0155,Checking,2020-08-15,4163691.0,ACTIVE
ACC-00223,CUST-0156,Credit Card,2021-06-12,84016.0,ACTIVE
ACC-00224,CUST-0156,Credit Card,2023-05-30,71657.0,ACTIVE
ACC-00225,CUST-0157,Savings,2024-09-02,76314.0,ACTIVE
ACC-00226,CUST-0157,Checking,2019-12-01,99143.0,ACTIVE
ACC-00227,CUST-0158,Savings,2019-01-20,27254.0,ACTIVE
ACC-00228,CUST-0159,Savings,2021-08-12,66657.0,ACTIVE
ACC-00229,CUST-0160,Credit Card,2021-06-29,37901.0,ACTIVE
ACC-00230,CUST-0161,Credit Card,2024-12-13,16967.0,ACTIVE
ACC-00231,CUST-0162,Savings,2020-04-12,19981.0,ACTIVE
ACC-00232,CUST-0163,Credit Card,2020-06-12,99864.0,ACTIVE
ACC-00233,CUST-0164,Credit Card,2020-08-04,4665.0,ACTIVE
ACC-00234,CUST-0164,Checking,2018-05-10,1242.0,ACTIVE
ACC-00235,CUST-0164,Checking,2020-01-03,1831387.0,ACTIVE
ACC-00236,CUST-0165,Credit Card,2020-03-04,2333.0,ACTIVE
ACC-00237,CUST-0165,Credit Card,2019-04-03,8420.0,ACTIVE
ACC-00238,CUST-0166,Checking,2022-11-18,21950.0,ACTIVE
ACC-00239,CUST-0167,Savings,2020-07-03,2903560.0,ACTIVE
ACC-00240,CUST-0168,Savings,2018-05-25,98513.0,ACTIVE
ACC-00241,CUST-0168,Credit Card,2024-05-01,598.0,ACTIVE
ACC-00242,CUST-0169,Credit Card,2024-01-08,1475240.0,ACTIVE
ACC-00243,CUST-0169,Savings,2025-01-30,4963.0,ACTIVE
ACC-00244,CUST-0170,Savings,2019-01-22,6295.0,ACTIVE
ACC-00245,CUST-0171,Savings,2021-03-25,7254.0,ACTIVE
ACC-00246,CUST-0172,Checking,2022-03-19,3140.0,ACTIVE
ACC-00247,CUST-0173,Savings,2018-08-08,24457.0,DORMANT
ACC-00248,CUST-0174,Savings,2026-02-04,6739.0,DORMANT
ACC-00249,CUST-0175,Credit Card,2024-07-25,2051.0,ACTIVE
ACC-00250,CUST-0176,Savings,2026-07-10,3454.0,ACTIVE
ACC-00251,CUST-0176,Credit Card,2021-10-07,8365.0,ACTIVE
ACC-00252,CUST-0176,Checking,2026-07-08,91745.0,ACTIVE
ACC-00253,CUST-0177,Checking,2021-04-05,8777.0,ACTIVE
ACC-00254,CUST-0178,Checking,2025-08-25,43286.0,ACTIVE
ACC-00255,CUST-0179,Savings,2020-07-18,3142.0,ACTIVE
ACC-00256,CUST-0180,Savings,2026-05-20,29303.0,ACTIVE
ACC-00257,CUST-0180,Checking,2022-01-07,5623.0,ACTIVE
ACC-00258,CUST-0181,Savings,2019-05-13,28033.0,ACTIVE
ACC-00259,CUST-0181,Checking,2025-05-19,5559.0,ACTIVE
ACC-00260,CUST-0182,Savings,2024-10-17,5149.0,ACTIVE
ACC-00261,CUST-0183,Credit Card,2018-11-07,2431.0,ACTIVE
ACC-00262,CUST-0184,Credit Card,2025-06-16,2684.0,ACTIVE
ACC-00263,CUST-0185,Credit Card,2026-07-17,459.0,ACTIVE
ACC-00264,CUST-0185,Savings,2020-04-01,8429.0,ACTIVE
ACC-00265,CUST-0185,Checking,2026-07-10,211.0,ACTIVE
ACC-00266,CUST-0186,Credit Card,2022-03-17,9242.0,ACTIVE
ACC-00267,CUST-0187,Checking,2019-01-27,850158.0,ACTIVE
ACC-00268,CUST-0187,Credit Card,2020-04-23,3083905.0,ACTIVE
ACC-00269,CUST-0188,Credit Card,2024-08-06,2781.0,ACTIVE
ACC-00270,CUST-0189,Credit Card,2019-11-13,42220.0,ACTIVE
ACC-00271,CUST-0189,Credit Card,2024-02-20,15957.0,ACTIVE
ACC-00272,CUST-0190,Checking,2020-01-01,47135.0,ACTIVE
ACC-00273,CUST-0191,Credit Card,2020-11-01,8364.0,ACTIVE
ACC-00274,CUST-0192,Savings,2018-12-07,4817.0,ACTIVE
ACC-00275,CUST-0192,Checking,2019-11-20,44755.0,ACTIVE
ACC-00276,CUST-0193,Credit Card,2024-03-02,51985.0,ACTIVE
ACC-00277,CUST-0194,Credit Card,2023-03-06,642541.0,ACTIVE
ACC-00278,CUST-0194,Credit Card,2018-08-25,51999.0,ACTIVE
ACC-00279,CUST-0195,Savings,2020-04-03,11240.0,DORMANT
ACC-00280,CUST-0195,Credit Card,2026-07-10,1668706.0,DORMANT
ACC-00281,CUST-0196,Checking,2021-02-10,9476.0,ACTIVE
ACC-00282,CUST-0197,Checking,2026-06-02,5445.0,ACTIVE
ACC-00283,CUST-0197,Checking,2020-04-11,28432.0,ACTIVE
ACC-00284,CUST-0198,Savings,2021-12-23,9247.0,ACTIVE
ACC-00285,CUST-0198,Credit Card,2020-03-23,8787.0,ACTIVE
ACC-00286,CUST-0199,Credit Card,2024-01-19,4913.0,DORMANT
ACC-00287,CUST-0200,Savings,2021-04-21,62444.0,ACTIVE
ACC-00288,CUST-0201,Savings,2018-06-25,5966.0,ACTIVE
ACC-00289,CUST-0202,Savings,2026-02-04,54112.0,ACTIVE
ACC-00290,CUST-0202,Credit Card,2023-08-27,7742.0,DORMANT
ACC-00291,CUST-0203,Checking,2024-09-24,6414.0,ACTIVE
ACC-00292,CUST-0204,Savings,2024-06-21,8998.0,ACTIVE
ACC-00293,CUST-0205,Credit Card,2021-10-19,1011.0,ACTIVE
ACC-00294,CUST-0206,Credit Card,2025-05-28,7665.0,ACTIVE
ACC-00295,CUST-0207,Savings,2020-07-04,7233.0,ACTIVE
ACC-00296,CUST-0207,Credit Card,2025-05-04,4231.0,ACTIVE
ACC-00297,CUST-0208,Savings,2021-04-13,4131.0,ACTIVE
ACC-00298,CUST-0208,Checking,2022-10-07,1629.0,ACTIVE
ACC-00299,CUST-0209,Credit Card,2025-09-14,4303.0,ACTIVE
ACC-00300,CUST-0209,Savings,2024-05-22,28050.0,ACTIVE
ACC-00301,CUST-0210,Savings,2022-10-28,5805.0,ACTIVE
ACC-00302,CUST-0211,Checking,2020-05-18,1030635.0,ACTIVE
ACC-00303,CUST-0212,Savings,2023-04-05,56107.0,ACTIVE
ACC-00304,CUST-0213,Credit Card,2022-09-16,253519.0,ACTIVE
ACC-00305,CUST-0214,Checking,2024-09-09,70194.0,ACTIVE
ACC-00306,CUST-0214,Checking,2022-06-04,5166.0,ACTIVE
ACC-00307,CUST-0215,Credit Card,2021-07-23,30920.0,ACTIVE
ACC-00308,CUST-0216,Credit Card,2023-08-06,2449188.0,ACTIVE
ACC-00309,CUST-0217,Checking,2022-04-25,6309.0,ACTIVE
ACC-00310,CUST-0217,Savings,2018-11-18,7660.0,ACTIVE
ACC-00311,CUST-0218,Credit Card,2023-07-01,87862.0,ACTIVE
ACC-00312,CUST-0219,Credit Card,2026-05-21,11683.0,ACTIVE
ACC-00313,CUST-0219,Checking,2021-04-28,9032.0,ACTIVE
ACC-00314,CUST-0220,Credit Card,2023-10-12,9415.0,DORMANT
ACC-00315,CUST-0221,Credit Card,2018-10-21,2796.0,ACTIVE
ACC-00316,CUST-0222,Checking,2020-06-24,532.0,ACTIVE
ACC-00317,CUST-0223,Savings,2022-11-22,4867.0,ACTIVE
ACC-00318,CUST-0224,Checking,2026-07-04,44857.0,ACTIVE
ACC-00319,CUST-0224,Credit Card,2025-05-07,2845.0,ACTIVE
ACC-00320,CUST-0224,Checking,2024-11-22,3738086.0,ACTIVE
ACC-00321,CUST-0225,Checking,2021-04-28,1503.0,ACTIVE
ACC-00322,CUST-0226,Checking,2026-06-30,345.0,ACTIVE
ACC-00323,CUST-0227,Checking,2024-01-10,3519.0,ACTIVE
ACC-00324,CUST-0228,Credit Card,2019-04-29,47463.0,ACTIVE
ACC-00325,CUST-0229,Savings,2026-01-28,5260.0,ACTIVE
ACC-00326,CUST-0229,Checking,2025-01-31,9265.0,ACTIVE
ACC-00327,CUST-0230,Checking,2024-02-08,1903.0,ACTIVE
ACC-00328,CUST-0231,Checking,2020-09-11,862794.0,ACTIVE
ACC-00329,CUST-0232,Credit Card,2021-09-09,14864.0,ACTIVE
ACC-00330,CUST-0233,Checking,2020-09-02,1485.0,ACTIVE
ACC-00331,CUST-0234,Checking,2022-08-14,472.0,ACTIVE
ACC-00332,CUST-0235,Checking,2021-07-03,2775.0,ACTIVE
ACC-00333,CUST-0235,Credit Card,2025-03-02,8124.0,ACTIVE
ACC-00334,CUST-0236,Checking,2025-09-23,65562.0,ACTIVE
ACC-00335,CUST-0237,Savings,2019-03-02,9205.0,ACTIVE
ACC-00336,CUST-0237,Checking,2023-03-06,7700.0,ACTIVE
ACC-00337,CUST-0238,Credit Card,2022-07-21,3959.0,DORMANT
ACC-00338,CUST-0238,Savings,2024-06-22,6711.0,DORMANT
ACC-00339,CUST-0239,Credit Card,2026-03-05,761.0,ACTIVE
ACC-00340,CUST-0240,Checking,2020-04-15,1247.0,ACTIVE
ACC-00341,CUST-0240,Credit Card,2019-03-04,14520.0,ACTIVE
ACC-00342,CUST-0240,Checking,2024-09-06,32218.0,ACTIVE
ACC-00343,CUST-0241,Credit Card,2026-04-03,7275.0,ACTIVE
ACC-00344,CUST-0241,Savings,2024-10-26,2504.0,ACTIVE
ACC-00345,CUST-0242,Savings,2024-02-19,8711.0,ACTIVE
ACC-00346,CUST-0243,Savings,2019-12-08,64252.0,ACTIVE
ACC-00347,CUST-0243,Savings,2021-08-05,75151.0,ACTIVE
ACC-00348,CUST-0244,Savings,2023-07-25,714071.0,ACTIVE
ACC-00349,CUST-0244,Savings,2026-07-11,12514.0,ACTIVE
ACC-00350,CUST-0245,Credit Card,2023-12-26,6904.0,ACTIVE
ACC-00351,CUST-0246,Savings,2024-02-25,9010.0,ACTIVE
ACC-00352,CUST-0247,Credit Card,2024-01-19,3002518.0,ACTIVE
ACC-00353,CUST-0248,Checking,2024-09-19,7333.0,ACTIVE
ACC-00354,CUST-0248,Credit Card,2018-10-28,4282.0,ACTIVE
ACC-00355,CUST-0249,Savings,2020-11-21,6534.0,ACTIVE
ACC-00356,CUST-0250,Credit Card,2021-02-01,419.0,ACTIVE
ACC-00357,CUST-0251,Credit Card,2018-08-21,1292.0,ACTIVE
ACC-00358,CUST-0251,Savings,2025-04-24,7669.0,ACTIVE
ACC-00359,CUST-0252,Savings,2019-12-30,40371.0,ACTIVE
ACC-00360,CUST-0253,Savings,2019-06-22,50804.0,ACTIVE
ACC-00361,CUST-0254,Savings,2023-10-18,328.0,ACTIVE
ACC-00362,CUST-0255,Credit Card,2026-03-12,9687.0,ACTIVE
ACC-00363,CUST-0256,Credit Card,2025-07-14,9222.0,ACTIVE
ACC-00364,CUST-0257,Checking,2020-11-19,7653.0,ACTIVE
ACC-00365,CUST-0257,Savings,2023-05-21,9445.0,ACTIVE
ACC-00366,CUST-0258,Credit Card,2025-06-17,3776.0,ACTIVE
ACC-00367,CUST-0259,Credit Card,2019-12-18,285.0,ACTIVE
ACC-00368,CUST-0260,Credit Card,2022-04-24,771.0,ACTIVE
ACC-00369,CUST-0261,Credit Card,2021-12-07,73202.0,ACTIVE
ACC-00370,CUST-0261,Savings,2021-02-20,2805.0,ACTIVE
ACC-00371,CUST-0262,Checking,2022-04-10,1000.0,DORMANT
ACC-00372,CUST-0263,Savings,2026-04-22,6854.0,ACTIVE
ACC-00373,CUST-0264,Credit Card,2022-01-05,4435.0,ACTIVE
ACC-00374,CUST-0264,Checking,2018-07-07,49726.0,ACTIVE
ACC-00375,CUST-0265,Checking,2020-06-05,4442.0,ACTIVE
ACC-00376,CUST-0265,Checking,2021-06-12,4719700.0,ACTIVE
ACC-00377,CUST-0266,Credit Card,2022-11-29,30916.0,ACTIVE
ACC-00378,CUST-0267,Savings,2023-01-26,1534.0,ACTIVE
ACC-00379,CUST-0268,Credit Card,2019-10-11,6614.0,ACTIVE
ACC-00380,CUST-0268,Checking,2021-07-23,59497.0,ACTIVE
ACC-00381,CUST-0269,Checking,2025-09-01,8646.0,ACTIVE
ACC-00382,CUST-0270,Checking,2020-04-09,4865.0,ACTIVE
ACC-00383,CUST-0271,Checking,2022-09-25,3482.0,ACTIVE
ACC-00384,CUST-0272,Savings,2018-10-08,5267.0,ACTIVE
ACC-00385,CUST-0272,Checking,2022-07-17,6212.0,ACTIVE
ACC-00386,CUST-0272,Savings,2025-05-09,2264.0,ACTIVE
ACC-00387,CUST-0273,Credit Card,2023-12-17,4810.0,ACTIVE
ACC-00388,CUST-0274,Checking,2025-03-01,4643.0,ACTIVE
ACC-00389,CUST-0274,Credit Card,2019-03-30,9958.0,ACTIVE
ACC-00390,CUST-0275,Checking,2021-08-05,7498.0,ACTIVE
ACC-00391,CUST-0275,Credit Card,2026-01-13,1765.0,ACTIVE
ACC-00392,CUST-0276,Savings,2020-05-24,2163.0,ACTIVE
ACC-00393,CUST-0277,Credit Card,2023-12-24,1546.0,ACTIVE
ACC-00394,CUST-0277,Checking,2023-04-16,3277.0,ACTIVE
ACC-00395,CUST-0278,Checking,2023-09-05,5888.0,ACTIVE
ACC-00396,CUST-0278,Savings,2026-07-05,7735.0,ACTIVE
ACC-00397,CUST-0278,Checking,2021-08-05,6809.0,DORMANT
ACC-00398,CUST-0279,Savings,2025-08-23,33691.0,ACTIVE
ACC-00399,CUST-0280,Savings,2024-08-28,4204.0,ACTIVE
ACC-00400,CUST-0280,Checking,2025-05-26,32431.0,ACTIVE
ACC-00401,CUST-0281,Credit Card,2018-11-24,391.0,ACTIVE
ACC-00402,CUST-0282,Checking,2026-05-27,53750.0,ACTIVE
ACC-00403,CUST-0283,Credit Card,2023-09-29,82271.0,ACTIVE
ACC-00404,CUST-0284,Savings,2022-08-15,96935.0,ACTIVE
ACC-00405,CUST-0285,Credit Card,2022-12-04,9067.0,ACTIVE
ACC-00406,CUST-0285,Savings,2018-07-18,8015.0,ACTIVE
ACC-00407,CUST-0286,Checking,2022-10-05,537.0,ACTIVE
ACC-00408,CUST-0286,Credit Card,2018-11-30,5385.0,ACTIVE
ACC-00409,CUST-0286,Credit Card,2025-03-18,7167.0,ACTIVE
ACC-00410,CUST-0287,Checking,2026-07-11,1451.0,DORMANT
ACC-00411,CUST-0287,Savings,2026-07-23,336.0,ACTIVE
ACC-00412,CUST-0287,Checking,2026-07-17,2868992.0,ACTIVE
ACC-00413,CUST-0288,Savings,2020-03-11,5407.0,ACTIVE
ACC-00414,CUST-0289,Credit Card,2023-06-26,903.0,ACTIVE
ACC-00415,CUST-0290,Savings,2023-09-22,5466.0,ACTIVE
ACC-00416,CUST-0291,Checking,2021-02-19,37857.0,ACTIVE
ACC-00417,CUST-0292,Savings,2020-10-11,4274882.0,ACTIVE
ACC-00418,CUST-0292,Checking,2025-02-25,1631.0,ACTIVE
ACC-00419,CUST-0293,Checking,2022-12-23,8168.0,ACTIVE
ACC-00420,CUST-0294,Savings,2020-06-07,62297.0,ACTIVE
ACC-00421,CUST-0294,Credit Card,2023-05-30,23075.0,ACTIVE
ACC-00422,CUST-0295,Credit Card,2024-02-02,6734.0,ACTIVE
ACC-00423,CUST-0296,Checking,2024-10-04,9538.0,ACTIVE
ACC-00424,CUST-0297,Checking,2023-10-20,6868.0,ACTIVE
ACC-00425,CUST-0298,Savings,2021-04-23,1177512.0,ACTIVE
ACC-00426,CUST-0299,Savings,2018-07-15,3787.0,ACTIVE
ACC-00427,CUST-0300,Checking,2025-06-07,6983.0,ACTIVE
ACC-00428,CUST-0300,Checking,2024-11-13,4227.0,ACTIVE
ACC-00429,CUST-0301,Checking,2024-05-28,5684.0,ACTIVE
ACC-00430,CUST-0302,Credit Card,2023-04-22,44357.0,ACTIVE
ACC-00431,CUST-0303,Credit Card,2026-05-15,2607520.0,DORMANT
ACC-00432,CUST-0304,Credit Card,2019-01-02,1051.0,ACTIVE
ACC-00433,CUST-0305,Savings,2019-07-24,8795.0,ACTIVE
ACC-00434,CUST-0306,Checking,2021-11-21,8478.0,ACTIVE
ACC-00435,CUST-0307,Credit Card,2023-05-22,2665.0,ACTIVE
ACC-00436,CUST-0308,Credit Card,2022-11-06,6003.0,ACTIVE
ACC-00437,CUST-0309,Checking,2019-12-17,4131.0,ACTIVE
ACC-00438,CUST-0309,Savings,2025-04-12,7527.0,ACTIVE
ACC-00439,CUST-0310,Checking,2019-08-20,9788.0,ACTIVE
ACC-00440,CUST-0310,Savings,2018-10-22,5005.0,ACTIVE
ACC-00441,CUST-0311,Credit Card,2019-05-15,9020.0,ACTIVE
ACC-00442,CUST-0312,Credit Card,2020-01-30,4662.0,ACTIVE
ACC-00443,CUST-0313,Credit Card,2021-08-11,9866.0,ACTIVE
ACC-00444,CUST-0314,Credit Card,2020-09-12,1828.0,ACTIVE
ACC-00445,CUST-0315,Credit Card,2026-03-19,2949.0,ACTIVE
ACC-00446,CUST-0315,Savings,2018-12-01,9819.0,ACTIVE
ACC-00447,CUST-0316,Credit Card,2022-09-16,3697.0,ACTIVE
ACC-00448,CUST-0317,Savings,2022-04-23,2719784.0,ACTIVE
ACC-00449,CUST-0318,Checking,2020-12-13,64340.0,ACTIVE
ACC-00450,CUST-0319,Savings,2019-06-06,1546.0,ACTIVE
ACC-00451,CUST-0320,Credit Card,2021-02-28,29623.0,ACTIVE
ACC-00452,CUST-0320,Credit Card,2025-06-14,43901.0,ACTIVE
ACC-00453,CUST-0321,Credit Card,2021-07-30,451.0,ACTIVE
ACC-00454,CUST-0321,Credit Card,2024-09-30,1240.0,ACTIVE
ACC-00455,CUST-0322,Checking,2020-09-27,9509.0,ACTIVE
ACC-00456,CUST-0323,Checking,2019-07-30,44987.0,ACTIVE
ACC-00457,CUST-0324,Credit Card,2019-04-20,8225.0,ACTIVE
ACC-00458,CUST-0325,Checking,2020-10-04,84948.0,ACTIVE
ACC-00459,CUST-0325,Credit Card,2022-02-07,17827.0,ACTIVE
ACC-00460,CUST-0326,Checking,2020-06-26,6843.0,ACTIVE
ACC-00461,CUST-0327,Checking,2019-04-30,1241376.0,ACTIVE
ACC-00462,CUST-0327,Savings,2019-06-02,1018.0,DORMANT
ACC-00463,CUST-0328,Credit Card,2019-01-13,3318877.0,ACTIVE
ACC-00464,CUST-0329,Savings,2022-07-18,7032.0,ACTIVE
ACC-00465,CUST-0330,Credit Card,2023-11-26,6670.0,ACTIVE
ACC-00466,CUST-0331,Checking,2025-04-23,1108.0,ACTIVE
ACC-00467,CUST-0332,Checking,2022-10-01,8455.0,ACTIVE
ACC-00468,CUST-0333,Savings,2019-04-11,87602.0,ACTIVE
ACC-00469,CUST-0333,Savings,2025-06-27,9085.0,ACTIVE
ACC-00470,CUST-0334,Savings,2019-04-17,49229.0,ACTIVE
ACC-00471,CUST-0335,Checking,2022-12-08,2129.0,ACTIVE
ACC-00472,CUST-0336,Checking,2026-07-08,4266234.0,DORMANT
ACC-00473,CUST-0336,Credit Card,2020-10-30,7841.0,ACTIVE
ACC-00474,CUST-0336,Credit Card,2025-05-01,2012.0,ACTIVE
ACC-00475,CUST-0336,Savings,2022-11-07,35141.0,DORMANT
ACC-00476,CUST-0337,Checking,2026-05-18,54276.0,ACTIVE
ACC-00477,CUST-0337,Savings,2024-08-04,2047.0,ACTIVE
ACC-00478,CUST-0338,Savings,2022-05-04,9847.0,ACTIVE
ACC-00479,CUST-0339,Checking,2025-03-26,7504.0,ACTIVE
ACC-00480,CUST-0340,Checking,2023-10-23,5292.0,ACTIVE
ACC-00481,CUST-0341,Checking,2024-02-19,6455.0,ACTIVE
ACC-00482,CUST-0342,Checking,2024-09-29,8346.0,ACTIVE
ACC-00483,CUST-0343,Credit Card,2025-01-16,160590.0,ACTIVE
ACC-00484,CUST-0343,Checking,2022-10-19,669.0,ACTIVE
ACC-00485,CUST-0344,Checking,2018-09-29,98995.0,ACTIVE
ACC-00486,CUST-0344,Credit Card,2020-11-14,4224.0,ACTIVE
ACC-00487,CUST-0345,Checking,2021-02-21,9448.0,ACTIVE
ACC-00488,CUST-0346,Credit Card,2025-04-07,3292.0,ACTIVE
ACC-00489,CUST-0347,Checking,2024-02-26,5368.0,ACTIVE
ACC-00490,CUST-0348,Credit Card,2018-06-08,9332.0,ACTIVE
ACC-00491,CUST-0349,Credit Card,2025-04-07,6371.0,ACTIVE
ACC-00492,CUST-0349,Savings,2020-02-09,2000.0,ACTIVE
ACC-00493,CUST-0350,Savings,2024-05-13,8590.0,ACTIVE
ACC-00494,CUST-0351,Savings,2019-10-27,4297.0,ACTIVE
ACC-00495,CUST-0351,Savings,2025-12-06,2850228.0,ACTIVE
ACC-00496,CUST-0352,Checking,2022-12-05,5810.0,ACTIVE
ACC-00497,CUST-0352,Credit Card,2023-02-01,3342.0,ACTIVE
ACC-00498,CUST-0353,Checking,2024-04-14,9562.0,DORMANT
ACC-00499,CUST-0353,Savings,2022-01-20,3012.0,DORMANT
ACC-00500,CUST-0353,Checking,2019-11-18,35778.0,ACTIVE
ACC-00501,CUST-0354,Credit Card,2026-05-14,5979.0,ACTIVE
ACC-00502,CUST-0354,Credit Card,2019-11-22,21121.0,ACTIVE
ACC-00503,CUST-0355,Savings,2019-05-26,4092.0,ACTIVE
ACC-00504,CUST-0356,Credit Card,2023-01-11,8285.0,ACTIVE
ACC-00505,CUST-0357,Savings,2023-04-30,2246.0,ACTIVE
ACC-00506,CUST-0358,Credit Card,2023-07-09,4273.0,ACTIVE
ACC-00507,CUST-0359,Checking,2019-01-17,2307.0,ACTIVE
ACC-00508,CUST-0360,Checking,2018-11-19,5606.0,ACTIVE
ACC-00509,CUST-0361,Checking,2022-11-07,15277.0,ACTIVE
ACC-00510,CUST-0362,Credit Card,2022-01-19,92907.0,ACTIVE
ACC-00511,CUST-0363,Credit Card,2022-06-03,67498.0,ACTIVE
ACC-00512,CUST-0363,Checking,2019-11-17,815898.0,ACTIVE
ACC-00513,CUST-0364,Savings,2020-05-20,8865.0,ACTIVE
ACC-00514,CUST-0364,Checking,2023-05-11,72044.0,ACTIVE
ACC-00515,CUST-0365,Checking,2023-07-18,4202.0,ACTIVE
ACC-00516,CUST-0366,Savings,2026-04-26,172792.0,ACTIVE
ACC-00517,CUST-0367,Savings,2023-06-28,52255.0,ACTIVE
ACC-00518,CUST-0368,Credit Card,2019-12-12,2618926.0,ACTIVE
ACC-00519,CUST-0369,Savings,2022-05-24,850966.0,ACTIVE
ACC-00520,CUST-0370,Checking,2025-12-22,62877.0,ACTIVE
ACC-00521,CUST-0371,Checking,2022-06-09,9105.0,ACTIVE
ACC-00522,CUST-0372,Credit Card,2019-11-28,23115.0,ACTIVE
ACC-00523,CUST-0373,Savings,2024-10-25,10139.0,ACTIVE
ACC-00524,CUST-0373,Checking,2026-04-05,7535.0,ACTIVE
ACC-00525,CUST-0373,Savings,2019-08-16,83897.0,ACTIVE
ACC-00526,CUST-0374,Credit Card,2018-08-11,3686.0,ACTIVE
ACC-00527,CUST-0374,Credit Card,2021-02-03,2852.0,ACTIVE
ACC-00528,CUST-0375,Credit Card,2018-05-17,7291.0,ACTIVE
ACC-00529,CUST-0376,Savings,2019-05-02,9448.0,ACTIVE
ACC-00530,CUST-0377,Credit Card,2019-01-16,9060.0,ACTIVE
ACC-00531,CUST-0378,Credit Card,2025-02-17,2753.0,ACTIVE
ACC-00532,CUST-0379,Checking,2019-08-24,3458.0,ACTIVE
ACC-00533,CUST-0380,Credit Card,2019-09-16,66578.0,ACTIVE
ACC-00534,CUST-0381,Checking,2022-02-10,82279.0,ACTIVE
ACC-00535,CUST-0381,Checking,2019-08-28,4876.0,ACTIVE
ACC-00536,CUST-0382,Savings,2020-10-22,12759.0,ACTIVE
ACC-00537,CUST-0382,Checking,2020-07-10,6245.0,ACTIVE
ACC-00538,CUST-0383,Credit Card,2020-08-31,2180.0,ACTIVE
ACC-00539,CUST-0383,Savings,2019-03-13,921892.0,ACTIVE
ACC-00540,CUST-0384,Checking,2019-10-13,6452.0,ACTIVE
ACC-00541,CUST-0384,Checking,2023-03-09,253.0,ACTIVE
ACC-00542,CUST-0385,Credit Card,2023-05-18,9720.0,ACTIVE
ACC-00543,CUST-0386,Credit Card,2019-01-20,57475.0,ACTIVE
ACC-00544,CUST-0387,Savings,2022-01-07,1786.0,ACTIVE
ACC-00545,CUST-0387,Checking,2022-03-01,7380.0,ACTIVE
ACC-00546,CUST-0388,Savings,2022-04-27,739.0,ACTIVE
ACC-00547,CUST-0389,Checking,2020-07-24,43674.0,ACTIVE
ACC-00548,CUST-0390,Savings,2020-05-06,6248.0,ACTIVE
ACC-00549,CUST-0391,Checking,2022-03-20,2488.0,ACTIVE
ACC-00550,CUST-0391,Checking,2023-10-01,9654.0,ACTIVE
ACC-00551,CUST-0392,Checking,2021-12-19,9481.0,ACTIVE
ACC-00552,CUST-0392,Savings,2025-10-22,1051.0,ACTIVE
ACC-00553,CUST-0393,Credit Card,2025-07-25,5917.0,ACTIVE
ACC-00554,CUST-0394,Checking,2020-09-22,9477.0,ACTIVE
ACC-00555,CUST-0395,Checking,2026-03-24,12225.0,ACTIVE
ACC-00556,CUST-0395,Savings,2022-09-22,91165.0,ACTIVE
ACC-00557,CUST-0396,Credit Card,2020-07-17,56406.0,ACTIVE
ACC-00558,CUST-0397,Savings,2018-06-28,65681.0,ACTIVE
ACC-00559,CUST-0397,Savings,2021-09-22,50949.0,ACTIVE
ACC-00560,CUST-0397,Savings,2023-04-15,5688.0,ACTIVE
ACC-00561,CUST-0398,Savings,2025-09-18,7355.0,ACTIVE
ACC-00562,CUST-0399,Savings,2024-09-01,44337.0,ACTIVE
ACC-00563,CUST-0400,Savings,2025-09-18,7797.0,ACTIVE
ACC-00564,CUST-0401,Credit Card,2019-08-11,11966.0,ACTIVE
ACC-00565,CUST-0402,Savings,2026-07-10,2086.0,ACTIVE
ACC-00566,CUST-0402,Checking,2018-05-29,49560.0,DORMANT
ACC-00567,CUST-0402,Credit Card,2023-04-23,4020.0,ACTIVE
ACC-00568,CUST-0402,Savings,2026-03-01,6378.0,ACTIVE
ACC-00569,CUST-0403,Savings,2018-08-12,4446.0,ACTIVE
ACC-00570,CUST-0404,Credit Card,2018-07-02,41711.0,ACTIVE
ACC-00571,CUST-0405,Checking,2022-05-12,4215.0,ACTIVE
ACC-00572,CUST-0405,Checking,2023-11-13,3426.0,ACTIVE
ACC-00573,CUST-0406,Checking,2018-06-07,2695.0,ACTIVE
ACC-00574,CUST-0407,Savings,2024-09-08,3153.0,ACTIVE
ACC-00575,CUST-0408,Credit Card,2022-12-25,2848905.0,ACTIVE
ACC-00576,CUST-0408,Savings,2022-09-19,1471894.0,ACTIVE
ACC-00577,CUST-0409,Credit Card,2023-04-21,414.0,ACTIVE
ACC-00578,CUST-0410,Checking,2023-05-16,7558.0,ACTIVE
ACC-00579,CUST-0410,Savings,2018-08-06,2951730.0,ACTIVE
ACC-00580,CUST-0411,Savings,2022-02-17,45151.0,ACTIVE
ACC-00581,CUST-0412,Savings,2023-08-29,9293.0,ACTIVE
ACC-00582,CUST-0412,Checking,2018-08-22,4366967.0,ACTIVE
ACC-00583,CUST-0412,Savings,2019-12-27,12928.0,ACTIVE
ACC-00584,CUST-0413,Credit Card,2025-03-27,7911.0,ACTIVE
ACC-00585,CUST-0413,Checking,2020-04-29,9278.0,ACTIVE
ACC-00586,CUST-0414,Savings,2025-04-10,8937.0,ACTIVE
ACC-00587,CUST-0415,Credit Card,2019-07-16,1531.0,ACTIVE
ACC-00588,CUST-0416,Credit Card,2025-12-22,1909.0,ACTIVE
ACC-00589,CUST-0417,Savings,2023-02-05,1266903.0,ACTIVE
ACC-00590,CUST-0417,Savings,2021-01-17,3207.0,ACTIVE
ACC-00591,CUST-0417,Credit Card,2024-05-06,3590.0,ACTIVE
ACC-00592,CUST-0418,Credit Card,2025-08-28,1536.0,ACTIVE
ACC-00593,CUST-0419,Checking,2020-08-21,5774.0,ACTIVE
ACC-00594,CUST-0420,Checking,2023-05-21,6027.0,ACTIVE
ACC-00595,CUST-0421,Checking,2018-06-28,4949.0,ACTIVE
ACC-00596,CUST-0422,Credit Card,2021-03-26,61628.0,ACTIVE
ACC-00597,CUST-0423,Credit Card,2021-04-07,8130.0,ACTIVE
ACC-00598,CUST-0424,Checking,2018-12-04,87186.0,ACTIVE
ACC-00599,CUST-0424,Credit Card,2024-12-19,1514.0,ACTIVE
ACC-00600,CUST-0425,Credit Card,2019-11-04,8220.0,ACTIVE
ACC-00601,CUST-0426,Savings,2021-08-22,9387.0,ACTIVE
ACC-00602,CUST-0427,Credit Card,2019-04-30,7562.0,ACTIVE
ACC-00603,CUST-0427,Checking,2026-05-06,7015.0,ACTIVE
ACC-00604,CUST-0428,Checking,2022-03-18,4063.0,ACTIVE
ACC-00605,CUST-0428,Savings,2018-12-15,62929.0,ACTIVE
ACC-00606,CUST-0429,Checking,2024-07-22,69801.0,ACTIVE
ACC-00607,CUST-0429,Savings,2021-04-14,6150.0,ACTIVE
ACC-00608,CUST-0430,Savings,2021-09-08,3831301.0,ACTIVE
ACC-00609,CUST-0431,Credit Card,2024-12-07,3479.0,ACTIVE
ACC-00610,CUST-0431,Checking,2018-05-21,564.0,ACTIVE
ACC-00611,CUST-0432,Checking,2024-05-24,69905.0,ACTIVE
ACC-00612,CUST-0432,Savings,2026-04-17,7446.0,ACTIVE
ACC-00613,CUST-0433,Checking,2022-05-25,3391.0,ACTIVE
ACC-00614,CUST-0433,Checking,2018-11-24,1809.0,ACTIVE
ACC-00615,CUST-0434,Checking,2022-05-13,1911.0,ACTIVE
ACC-00616,CUST-0435,Savings,2019-12-26,71886.0,ACTIVE
ACC-00617,CUST-0435,Checking,2021-11-26,3094.0,ACTIVE
ACC-00618,CUST-0436,Credit Card,2019-07-26,3168474.0,ACTIVE
ACC-00619,CUST-0437,Checking,2019-09-28,3837.0,ACTIVE
ACC-00620,CUST-0438,Savings,2019-10-28,29524.0,ACTIVE
ACC-00621,CUST-0439,Savings,2019-03-23,42977.0,ACTIVE
ACC-00622,CUST-0440,Savings,2024-03-05,3848.0,ACTIVE
ACC-00623,CUST-0441,Checking,2023-12-01,58981.0,ACTIVE
ACC-00624,CUST-0441,Savings,2020-03-24,1059.0,ACTIVE
ACC-00625,CUST-0442,Checking,2024-02-26,8720.0,ACTIVE
ACC-00626,CUST-0442,Credit Card,2021-05-20,19367.0,ACTIVE
ACC-00627,CUST-0443,Savings,2019-11-28,5198.0,ACTIVE
ACC-00628,CUST-0444,Savings,2018-10-14,43107.0,ACTIVE
ACC-00629,CUST-0445,Checking,2021-11-19,3302.0,ACTIVE
ACC-00630,CUST-0446,Savings,2019-06-02,8066.0,ACTIVE
ACC-00631,CUST-0447,Savings,2020-08-12,29069.0,DORMANT
ACC-00632,CUST-0447,Credit Card,2025-02-02,83809.0,DORMANT
ACC-00633,CUST-0447,Savings,2025-03-16,6656.0,ACTIVE
ACC-00634,CUST-0447,Credit Card,2026-07-15,5438.0,ACTIVE
ACC-00635,CUST-0448,Credit Card,2025-01-24,9346.0,ACTIVE
ACC-00636,CUST-0448,Checking,2019-04-28,5928.0,ACTIVE
ACC-00637,CUST-0449,Checking,2019-10-05,35891.0,ACTIVE
ACC-00638,CUST-0449,Checking,2021-05-22,5485.0,ACTIVE
ACC-00639,CUST-0450,Credit Card,2023-05-27,16625.0,ACTIVE
ACC-00640,CUST-0451,Checking,2019-05-12,53284.0,ACTIVE
ACC-00641,CUST-0452,Checking,2024-02-18,1200.0,ACTIVE
ACC-00642,CUST-0453,Credit Card,2024-12-03,4860.0,ACTIVE
ACC-00643,CUST-0453,Savings,2021-09-28,24057.0,DORMANT
ACC-00644,CUST-0454,Savings,2021-06-26,1738.0,ACTIVE
ACC-00645,CUST-0455,Savings,2018-11-27,1509.0,ACTIVE
ACC-00646,CUST-0456,Savings,2024-01-18,9921.0,DORMANT
ACC-00647,CUST-0456,Credit Card,2026-07-01,4406.0,ACTIVE
ACC-00648,CUST-0456,Checking,2024-06-01,89520.0,ACTIVE
ACC-00649,CUST-0457,Credit Card,2025-04-18,6726.0,ACTIVE
ACC-00650,CUST-0458,Checking,2023-04-12,4790.0,ACTIVE
ACC-00651,CUST-0459,Checking,2022-12-16,2633.0,ACTIVE
ACC-00652,CUST-0460,Savings,2024-12-03,4089.0,ACTIVE
ACC-00653,CUST-0461,Credit Card,2019-07-05,8072.0,ACTIVE
ACC-00654,CUST-0461,Checking,2026-07-21,2232.0,ACTIVE
ACC-00655,CUST-0461,Checking,2023-12-26,9371.0,ACTIVE
ACC-00656,CUST-0462,Savings,2019-09-30,74183.0,ACTIVE
ACC-00657,CUST-0463,Checking,2021-06-05,3657.0,ACTIVE
ACC-00658,CUST-0463,Savings,2024-08-29,9304.0,ACTIVE
ACC-00659,CUST-0464,Checking,2022-05-15,21542.0,ACTIVE
ACC-00660,CUST-0465,Credit Card,2025-10-07,70651.0,ACTIVE
ACC-00661,CUST-0466,Savings,2019-04-12,32196.0,ACTIVE
ACC-00662,CUST-0467,Savings,2018-10-09,68664.0,DORMANT
ACC-00663,CUST-0467,Savings,2026-07-11,19508.0,DORMANT
ACC-00664,CUST-0467,Savings,2021-05-08,91524.0,ACTIVE
ACC-00665,CUST-0468,Savings,2023-06-29,55592.0,ACTIVE
ACC-00666,CUST-0469,Checking,2020-06-12,6741.0,ACTIVE
ACC-00667,CUST-0470,Credit Card,2022-03-18,2448679.0,ACTIVE
ACC-00668,CUST-0471,Credit Card,2022-05-30,26233.0,ACTIVE
ACC-00669,CUST-0472,Checking,2021-10-24,1551.0,ACTIVE
ACC-00670,CUST-0473,Savings,2026-06-21,8172.0,ACTIVE
ACC-00671,CUST-0474,Savings,2022-01-04,1683.0,ACTIVE
ACC-00672,CUST-0475,Savings,2021-11-12,49443.0,ACTIVE
ACC-00673,CUST-0476,Checking,2024-05-31,6845.0,ACTIVE
ACC-00674,CUST-0477,Credit Card,2022-09-29,8413.0,ACTIVE
ACC-00675,CUST-0477,Checking,2020-11-18,6939.0,ACTIVE
ACC-00676,CUST-0478,Checking,2020-11-03,1142.0,ACTIVE
ACC-00677,CUST-0478,Savings,2026-05-05,6325.0,ACTIVE
ACC-00678,CUST-0478,Credit Card,2026-07-07,93341.0,ACTIVE
ACC-00679,CUST-0479,Savings,2026-07-16,89191.0,ACTIVE
ACC-00680,CUST-0479,Checking,2021-01-23,6226.0,ACTIVE
ACC-00681,CUST-0479,Checking,2019-09-26,88724.0,ACTIVE
ACC-00682,CUST-0479,Credit Card,2026-06-30,5378.0,ACTIVE
ACC-00683,CUST-0480,Savings,2020-02-24,2675.0,ACTIVE
ACC-00684,CUST-0481,Checking,2025-02-09,9737.0,ACTIVE
ACC-00685,CUST-0481,Credit Card,2020-03-23,6527.0,ACTIVE
ACC-00686,CUST-0482,Savings,2020-03-06,9387.0,ACTIVE
ACC-00687,CUST-0483,Checking,2021-04-23,6589.0,ACTIVE
ACC-00688,CUST-0484,Checking,2021-10-17,1132.0,ACTIVE
ACC-00689,CUST-0484,Credit Card,2019-08-29,752.0,ACTIVE
ACC-00690,CUST-0485,Savings,2023-01-19,8393.0,ACTIVE
ACC-00691,CUST-0486,Credit Card,2025-10-05,6678.0,ACTIVE
ACC-00692,CUST-0487,Credit Card,2018-07-05,7211.0,ACTIVE
ACC-00693,CUST-0488,Checking,2020-10-28,4136.0,ACTIVE
ACC-00694,CUST-0489,Credit Card,2023-03-16,8714.0,ACTIVE
ACC-00695,CUST-0489,Checking,2019-11-18,349.0,ACTIVE
ACC-00696,CUST-0490,Checking,2026-02-24,168.0,ACTIVE
ACC-00697,CUST-0490,Checking,2025-09-19,76404.0,ACTIVE
ACC-00698,CUST-0491,Credit Card,2020-06-30,4394.0,ACTIVE
ACC-00699,CUST-0491,Checking,2022-02-05,3305.0,ACTIVE
ACC-00700,CUST-0491,Savings,2020-10-16,4379.0,ACTIVE
ACC-00701,CUST-0492,Savings,2021-03-17,1899746.0,ACTIVE
ACC-00702,CUST-0493,Credit Card,2024-05-02,7102.0,ACTIVE
ACC-00703,CUST-0493,Savings,2024-07-22,1820.0,ACTIVE
ACC-00704,CUST-0494,Credit Card,2024-03-19,27100.0,ACTIVE
ACC-00705,CUST-0495,Savings,2026-03-13,4653.0,ACTIVE
ACC-00706,CUST-0495,Credit Card,2026-01-04,7387.0,ACTIVE
ACC-00707,CUST-0496,Savings,2025-12-09,67345.0,ACTIVE
ACC-00708,CUST-0496,Checking,2026-07-06,5728.0,ACTIVE
ACC-00709,CUST-0496,Credit Card,2026-07-19,9945.0,ACTIVE
ACC-00710,CUST-0497,Savings,2019-02-23,1080973.0,ACTIVE
ACC-00711,CUST-0498,Savings,2023-07-24,15174.0,ACTIVE
ACC-00712,CUST-0498,Credit Card,2019-07-06,89281.0,ACTIVE
ACC-00713,CUST-0499,Savings,2019-10-11,1722129.0,ACTIVE
ACC-00714,CUST-0500,Savings,2023-10-20,8754.0,ACTIVE
ACC-00715,CUST-0500,Savings,2024-04-08,928.0,ACTIVE
ACC-00716,CUST-0107,Checking,2019-01-11,42702.0,ACTIVE
ACC-00717,CUST-0092,Credit Card,2026-04-10,4315.0,ACTIVE
ACC-00718,CUST-0230,Checking,2019-09-11,32555.0,ACTIVE
ACC-00719,CUST-0432,Credit Card,2020-02-14,37452.0,ACTIVE
ACC-00720,CUST-0285,Savings,2020-05-05,19545.0,ACTIVE
ACC-00721,CUST-0102,Savings,2019-06-07,20181.0,ACTIVE
ACC-00722,CUST-0060,Credit Card,2023-05-27,42361.0,ACTIVE
ACC-00723,CUST-0151,Checking,2023-05-23,17049.0,ACTIVE
ACC-00724,CUST-0030,Checking,2023-01-21,589.0,ACTIVE
ACC-00725,CUST-0231,Checking,2020-12-05,47606.0,ACTIVE
ACC-00726,CUST-0169,Credit Card,2022-06-02,22997.0,ACTIVE
ACC-00727,CUST-0306,Checking,2022-12-19,16047.0,ACTIVE
ACC-00728,CUST-0348,Checking,2024-10-15,49996.0,ACTIVE
ACC-00729,CUST-0270,Checking,2023-04-03,45787.0,ACTIVE
ACC-00730,CUST-0402,Checking,2022-02-11,40617.0,ACTIVE
ACC-00731,CUST-0372,Savings,2022-11-01,34033.0,ACTIVE
ACC-00732,CUST-0450,Checking,2021-11-13,40531.0,ACTIVE
ACC-00733,CUST-0080,Savings,2018-10-13,3206.0,ACTIVE
ACC-00734,CUST-0159,Savings,2020-09-04,20310.0,ACTIVE
ACC-00735,CUST-0105,Credit Card,2019-08-15,38834.0,ACTIVE
ACC-00736,CUST-0018,Checking,2021-03-20,5156.0,ACTIVE
ACC-00737,CUST-0243,Checking,2025-12-30,48683.0,ACTIVE
ACC-00738,CUST-0181,Savings,2020-04-30,26966.0,ACTIVE
ACC-00739,CUST-0130,Savings,2020-11-08,40121.0,ACTIVE
ACC-00740,CUST-0365,Checking,2020-12-04,5035.0,ACTIVE
ACC-00741,CUST-0089,Savings,2024-03-11,32579.0,ACTIVE
ACC-00742,CUST-0141,Savings,2022-06-11,6856.0,ACTIVE
ACC-00743,CUST-0221,Savings,2022-03-14,45500.0,ACTIVE
ACC-00744,CUST-0129,Checking,2026-02-26,6115.0,ACTIVE
ACC-00745,CUST-0181,Credit Card,2020-11-13,14928.0,ACTIVE
ACC-00746,CUST-0470,Checking,2022-01-21,49745.0,ACTIVE
ACC-00747,CUST-0415,Checking,2020-07-14,27178.0,ACTIVE
ACC-00748,CUST-0269,Checking,2020-02-28,26126.0,ACTIVE
ACC-00749,CUST-0050,Savings,2019-03-07,28394.0,ACTIVE
ACC-00750,CUST-0164,Checking,2025-07-15,30041.0,ACTIVE
ACC-00751,CUST-0460,Savings,2021-03-28,46307.0,ACTIVE
ACC-00752,CUST-0500,Savings,2019-10-21,42282.0,ACTIVE
ACC-00753,CUST-0188,Credit Card,2021-02-05,46474.0,ACTIVE
ACC-00754,CUST-0287,Checking,2024-11-14,43260.0,ACTIVE
ACC-00755,CUST-0022,Savings,2018-08-08,12007.0,ACTIVE
ACC-00756,CUST-0407,Credit Card,2025-12-15,13091.0,ACTIVE
ACC-00757,CUST-0189,Credit Card,2020-03-20,8223.0,ACTIVE
ACC-00758,CUST-0107,Savings,2025-01-10,13363.0,ACTIVE
ACC-00759,CUST-0023,Savings,2021-03-20,28423.0,ACTIVE
ACC-00760,CUST-0110,Savings,2020-07-29,8900.0,ACTIVE
ACC-00761,CUST-0445,Checking,2026-01-18,13970.0,ACTIVE
ACC-00762,CUST-0163,Savings,2020-10-14,8850.0,ACTIVE
ACC-00763,CUST-0374,Credit Card,2019-11-17,671.0,ACTIVE
ACC-00764,CUST-0183,Credit Card,2019-04-05,25890.0,ACTIVE
ACC-00765,CUST-0440,Checking,2020-02-11,27271.0,ACTIVE
ACC-00766,CUST-0469,Savings,2025-03-07,22782.0,ACTIVE
ACC-00767,CUST-0160,Savings,2018-12-07,19755.0,ACTIVE
ACC-00768,CUST-0352,Checking,2024-05-18,5863.0,ACTIVE
ACC-00769,CUST-0008,Checking,2018-12-31,45193.0,ACTIVE
ACC-00770,CUST-0187,Checking,2026-01-20,30498.0,ACTIVE
ACC-00771,CUST-0244,Savings,2018-10-23,49319.0,ACTIVE
ACC-00772,CUST-0015,Savings,2023-07-04,4728.0,ACTIVE
ACC-00773,CUST-0068,Savings,2021-08-06,16617.0,ACTIVE
ACC-00774,CUST-0341,Savings,2021-12-26,7880.0,ACTIVE
ACC-00775,CUST-0172,Savings,2025-03-15,35553.0,ACTIVE
ACC-00776,CUST-0025,Savings,2022-09-21,33490.0,ACTIVE
ACC-00777,CUST-0133,Savings,2023-09-28,24766.0,ACTIVE
ACC-00778,CUST-0267,Checking,2019-10-29,36130.0,ACTIVE
ACC-00779,CUST-0396,Savings,2019-05-13,10196.0,ACTIVE
ACC-00780,CUST-0452,Checking,2018-05-23,27336.0,ACTIVE
ACC-00781,CUST-0395,Savings,2022-08-08,8823.0,ACTIVE
ACC-00782,CUST-0022,Checking,2025-08-04,5200.0,ACTIVE
ACC-00783,CUST-0198,Checking,2020-01-08,39807.0,ACTIVE
ACC-00784,CUST-0297,Savings,2023-07-06,19906.0,ACTIVE
ACC-00785,CUST-0188,Credit Card,2022-04-13,17235.0,ACTIVE
ACC-00786,CUST-0121,Savings,2022-12-26,47179.0,ACTIVE
ACC-00787,CUST-0318,Savings,2024-06-08,12953.0,ACTIVE
ACC-00788,CUST-0254,Savings,2022-03-27,40510.0,ACTIVE
ACC-00789,CUST-0271,Credit Card,2025-06-16,6835.0,ACTIVE
ACC-00790,CUST-0065,Savings,2023-10-17,13430.0,ACTIVE
ACC-00791,CUST-0317,Checking,2018-11-01,18550.0,ACTIVE
ACC-00792,CUST-0303,Credit Card,2023-09-14,41444.0,ACTIVE
ACC-00793,CUST-0116,Savings,2023-01-08,14532.0,ACTIVE
ACC-00794,CUST-0084,Savings,2020-02-06,27545.0,ACTIVE
ACC-00795,CUST-0172,Checking,2021-06-08,33719.0,ACTIVE
ACC-00796,CUST-0211,Savings,2020-08-01,49995.0,ACTIVE
ACC-00797,CUST-0064,Credit Card,2021-04-22,29228.0,ACTIVE
ACC-00798,CUST-0131,Checking,2020-12-05,37732.0,ACTIVE
ACC-00799,CUST-0324,Credit Card,2019-01-09,42959.0,ACTIVE
ACC-00800,CUST-0449,Credit Card,2020-02-19,43842.0,ACTIVE
