customer_id,full_name,email,phone,address,residence_country,customer_age
CUST-0001,Tonya Rose,chapmanantonio@example.net,609-412-7075,"011 Julie Trace Apt. 720, Lake Debrastad, RI 04250",United States,29
CUST-0002,Kenneth Lawson MD,brucemccoy@example.org,001-614-276-9132,"61974 Smith Locks Suite 221, Carpenterport, TN 69110",India,18
CUST-0003,Steven Tapia,fhanna@example.org,493.691.2038x911,"389 Irwin Forest, Millerberg, KS 89886",Canada,37
CUST-0004,Ariana Schultz,candicestout@example.com,(234)526-2417x28042,"6333 Angela Corner Suite 625, New James, TN 76701",Japan,22
CUST-0005,Yolanda Diaz,stephensbrian@example.com,657-515-7589x4191,"7969 Kevin Islands, New Nathanielport, WY 53383",Japan,30
CUST-0006,Christopher Dorsey,upatrick@example.org,518.602.7091,"38327 Faith Junction Apt. 102, Spenceville, DC 89120",United Kingdom,40
CUST-0007,Alison Hernandez,donaldfox@example.org,928-987-6116x81832,"USNS Nelson, FPO AP 69917",Switzerland,12
CUST-0008,Angela Graham,richardgreene@example.net,+1-973-674-0757x126,"555 Edward Road Apt. 975, Tatefurt, SD 02553",France,68
CUST-0009,Brandi Wilson,michele20@example.org,001-396-323-1052x0650,"32814 Danny Court, East Robertland, WI 07781",Canada,66
CUST-0010,Megan Davis,stevenmartinez@example.org,597-695-3283x4520,"17429 Carlson Spring, Coreystad, UT 29752",United States,40
CUST-0011,Nicholas Fuller,gail40@example.net,001-301-595-3019x44359,"9293 Melinda Streets, South Jerry, MS 56102",France,25
CUST-0012,James Mejia,djones@example.net,001-864-553-5975,"622 Robert Fort, Tamiport, OH 38297",Germany,67
CUST-0013,Frederick Hancock,yhardy@example.com,(845)872-1388,"146 John Junctions Apt. 336, Daviston, MO 86809",Australia,25
CUST-0014,Brittney Lowe,heather57@example.net,295.268.9123x122,"062 Jennifer Square, New Vickiberg, RI 93521",United Kingdom,60
CUST-0015,Rebecca Watson,taylorchad@example.org,9778101750,"37918 Hardy Ridges, West Nathanielville, VA 75426",United Kingdom,28
CUST-0016,Paul Reyes,kimberlymitchell@example.com,820-414-6898,"480 Cuevas River, Hoffmanfurt, WY 65638",Canada,30
CUST-0017,Betty Farley,nunezamanda@example.net,001-735-320-5584x26255,"364 Anderson View Suite 270, Carneyview, ID 62856",Australia,21
CUST-0018,Jake Schultz,kcook@example.org,+1-497-643-4542x2645,"680 Jamie Mount Apt. 650, Port Karen, NE 06209",Canada,31
CUST-0019,Nathan Morales,eric72@example.com,(313)874-0790,"946 Gill Squares, Charlenefort, VI 83464",India,68
CUST-0020,Timothy Jefferson,doughertymichael@example.org,+1-937-559-1705x060,"PSC 2994, Box 4529, APO AP 25512",Japan,30
CUST-0021,Valerie Potter,jonathanfoster@example.net,+1-930-662-4990x5360,"2305 Moore Lock Apt. 293, Richardview, SC 38464",United Kingdom,59
CUST-0022,Shawn Williamson,cbautista@example.com,001-319-778-8327,"4919 Robert Trail Apt. 009, Tanyaview, IA 82257",Venezuela,70
CUST-0023,Matthew Miller,shawn29@example.org,5578945789,"184 Cook Curve Suite 580, Lake Brandonhaven, TN 32521",Australia,34
CUST-0024,Rachel Gonzalez,justin71@example.net,(826)464-8524,"19364 Allison Meadows, East Michael, MT 53857",Singapore,36
CUST-0025,Logan Rodriguez,hsoto@example.org,999-640-0252x68277,"3473 Catherine Island Apt. 213, Jefferymouth, NE 76555",Canada,66
CUST-0026,Jane Weaver,tzimmerman@example.org,001-871-386-1929,"7052 Blankenship Trace, East Ashley, VA 91190",United Kingdom,39
CUST-0027,Jennifer Williams,goodmanjeffrey@example.com,4544797360,"4191 Samantha Path Apt. 535, Lake Davidside, AL 03154",Japan,37
CUST-0028,Thomas Sutton,nicolehudson@example.com,(324)279-5469,"366 Fleming Island, Wrightchester, TN 86670",Canada,30
CUST-0029,Brian Ramirez,brandi46@example.com,5194524578,"Unit 6335 Box 9816, DPO AA 27598",Canada,45
CUST-0030,Johnny Wilson,amber92@example.com,001-591-415-9434x65003,"701 Carl Park, Joneshaven, AZ 92551",Switzerland,32
CUST-0031,Kenneth Waters,mmiller@example.com,001-744-783-0931x1122,"7058 Tara Row Apt. 220, Garrisonstad, MP 32634",Japan,34
CUST-0032,Andrew Robinson,jacksonbrittany@example.com,830-958-1305,"7534 Holmes Rue Suite 237, Josephburgh, ME 29885",Switzerland,49
CUST-0033,Andrew Stanley,jjordan@example.com,(964)688-2424x3843,"142 Tanner Island Apt. 809, Lewisville, TN 97752",United States,30
CUST-0034,Darryl Parks,eric20@example.org,5935803921,"185 Luis Crescent, Port Johnton, AZ 47378",Japan,75
CUST-0035,Anthony Mcbride,maryramsey@example.com,001-779-215-3151x62658,"36272 Jill Road, Port Scott, VT 39426",Canada,32
CUST-0036,Roy Martin,kellynancy@example.org,714.403.9727,"4684 Taylor Summit Suite 363, Riceport, NY 16621",Germany,36
CUST-0037,Leslie Lee,laurahill@example.org,+1-561-468-6665x480,"PSC 1597, Box 5277, APO AA 86291",Switzerland,47
CUST-0038,Robert Powell,elizabethmoore@example.net,001-934-821-1817x2232,"9289 Gary Ford Apt. 707, Pollardburgh, MA 37615",Switzerland,38
CUST-0039,John Simmons,ltownsend@example.net,(341)820-3873x670,"778 Hunt Isle, East Kimberly, IA 76643",France,46
CUST-0040,Dominique Meyers,evan46@example.com,352-273-3131,"697 Jones Common Apt. 079, Castrobury, ND 93320",Switzerland,68
CUST-0041,William Hernandez,kathrynstephens@example.com,(577)316-4132x4148,"2942 Tonya Ranch Apt. 210, West Emily, NY 02418",Germany,29
CUST-0042,Vincent Baker,valentinedean@example.com,(813)840-9162x571,"035 Jackson Lakes, West Jonathanborough, GU 96636",Australia,33
CUST-0043,Brenda Stuart,coxruth@example.net,9995998116,"025 Ashley Locks, Perezville, WV 43234",United States,74
CUST-0044,Luke Novak,suttonheather@example.com,259.843.5975,"7248 King Stravenue, Lake Brianfort, SD 88968",Germany,45
CUST-0045,Alison Barrett,henryeric@example.com,256.753.8322x1203,"65385 Evan Port Apt. 081, North Sarahshire, MD 22048",Canada,28
CUST-0046,Angela Carpenter,xbrown@example.com,001-488-958-2707,"600 John Heights, West Sandy, AZ 63917",Singapore,43
CUST-0047,Shannon Adams,marissa50@example.org,727-658-6549x4358,"1737 Elizabeth Point, Bellville, SC 99739",Switzerland,65
CUST-0048,Felicia Gray MD,christopher85@example.com,(388)681-1336x292,"Unit 0969 Box 8411, DPO AE 11061",India,66
CUST-0049,Travis Stone,joseph57@example.org,293.911.3689,"23655 Patrick Shoals, Kerrifort, HI 95012",Singapore,45
CUST-0050,Michael Davies,jeremiahterrell@example.net,8194564994,"PSC 5808, Box 0197, APO AA 94604",Japan,55
CUST-0051,Derek Smith,john17@example.com,781.250.1715,"2754 Velazquez Bridge, Melodyton, FM 64836",Singapore,28
CUST-0052,Megan White,kellermichelle@example.net,302-527-2472x950,"330 Jacqueline Road Apt. 854, West Amyshire, AL 18115",Singapore,59
CUST-0053,Marcus Burke,maria85@example.org,3454017901,"423 John Dale Suite 137, Harrisonton, MD 67945",Australia,77
CUST-0054,Tracey Shaw,dustin36@example.com,241.841.6700,"572 Soto Brook Suite 642, West Samantha, MT 49261",Singapore,20
CUST-0055,Jorge Wilson,hannahbaker@example.org,816-546-6277,"05142 Dylan Plaza, Joshuaborough, AR 99149",Japan,25
CUST-0056,Kevin Baird,ywhite@example.org,940-787-8965x21759,"21895 Misty Turnpike, New Jamesberg, MP 84274",United States,36
CUST-0057,Jacqueline Hill,gonzalestimothy@example.net,001-406-862-9649x21403,"794 Martin Shoal Suite 994, Mclaughlinland, KY 74832",Canada,86
CUST-0058,Bryan Taylor,michael34@example.com,3633125720,"71763 Meghan Terrace Apt. 417, Larryland, MS 79345",Singapore,47
CUST-0059,Melanie Ballard,burnskevin@example.net,(361)440-5441,"51178 Barbara Lights, North Sarah, MN 61237",Germany,46
CUST-0060,Nancy Marshall,jacobfoley@example.net,(778)667-0689x25783,"4454 Sherry Ranch, Bradleyburgh, AL 29702",Japan,87
CUST-0061,Heather Quinn,troy49@example.net,692-924-8692x39181,"4589 Ortiz Plaza, Lake Kellimouth, AK 89749",Singapore,39
CUST-0062,Daniel Smith,emckinney@example.net,822-251-8162,"1906 Newton Ports Apt. 484, New Laurenmouth, AS 32931",Singapore,84
CUST-0063,Stephen Anderson,nelsonscott@example.com,(901)956-7264,"5508 Charles Wells Suite 834, North Ericburgh, GA 55327",United States,44
CUST-0064,Dakota Thomas,lindakirby@example.com,+1-756-443-5882,"457 Jackson Trail, Lake Joseph, CT 25249",Australia,35
CUST-0065,Miguel Garcia,mccormickjames@example.org,(312)404-0806,"605 Smith Underpass Apt. 010, Mannburgh, CA 03955",Germany,38
CUST-0066,Jacqueline Mathis,robinsonisabella@example.org,542-428-5495x8829,"0764 Molly Squares Suite 543, East Ronald, SD 99570",United Kingdom,79
CUST-0067,Brianna Hall,laura71@example.org,844.426.4352x253,"09013 James Mills, Johnsonburgh, MH 98836",Singapore,15
CUST-0068,Thomas Baker,lmaldonado@example.com,312-886-7680,"0379 Michael Vista, Marychester, NE 79714",Japan,67
CUST-0069,Tiffany Gray,sjennings@example.com,001-320-624-0314x49613,"786 Cheyenne Vista Suite 723, Jenniferfurt, MA 43777",Afghanistan,91
CUST-0070,Amanda Meyers,michael57@example.net,(335)557-7924,"026 Johnson Ferry, Port Johnville, MP 68635",Singapore,53
CUST-0071,Jeffrey Shaw,josephkeller@example.org,937-855-3153x1483,"254 Davis Field, New Davidton, UT 18227",Switzerland,55
CUST-0072,Austin Velasquez,alyssa87@example.com,(549)526-9285,"16685 Nelson Brooks Apt. 047, Lisashire, NM 14441",Afghanistan,60
CUST-0073,Rebecca Duffy,tara87@example.org,391.929.9823x963,"7169 Cheryl Station, New Jerryfort, MI 63889",United States,35
CUST-0074,William Lane,harriscaitlin@example.org,(902)336-3912,"1033 Jennifer Shoals Apt. 033, East Brent, IA 18282",Switzerland,68
CUST-0075,Derek Hamilton,cjohnson@example.com,+1-605-680-8653,"14330 Gray Lodge, New Anna, IL 58988",United Kingdom,40
CUST-0076,Sean Ryan,christopher56@example.net,001-593-569-6158x9302,"1252 Tony Glen, East Matthewville, HI 33324",United States,63
CUST-0077,Kevin Farley,whitelisa@example.com,+1-754-814-7787x02075,"203 Matthew Mountain Apt. 989, New Kathleen, NE 94259",Canada,52
CUST-0078,Ana Herrera,stephaniegreen@example.org,410-896-6895x35849,"87886 Catherine Lights Apt. 230, Port Scottton, NH 48054",India,67
CUST-0079,Taylor Simon,nathanjones@example.net,625.443.5752,"156 Nicole Circle Suite 397, Lake Johnburgh, AK 53654",France,46
CUST-0080,Alexander Marshall,livingstonjames@example.com,833.593.8736x87586,"02411 Matthew Glen Apt. 678, North Robertfort, MN 76658",Japan,35
CUST-0081,Paige Woods,omedina@example.org,427-289-4607x8010,"137 Connie Village, Port Johnny, NE 90492",Germany,61
CUST-0082,Anthony Cruz,mitchellapril@example.org,+1-894-567-4796x94994,"09535 Simon Expressway, Port Ronaldmouth, AR 11763",United Kingdom,77
CUST-0083,Ricky Evans,howardblake@example.com,547-488-2747x84136,"3190 Stafford Points Suite 317, Lake Nicholas, PA 77084",Singapore,33
CUST-0084,Christine Franklin,johnnydavis@example.net,+1-870-396-1298x7314,"5759 Mitchell Stream, Smithtown, NM 64678",India,28
CUST-0085,Autumn Leblanc,rbutler@example.org,728-486-0359,"6097 Pearson Corners Apt. 576, Erinview, CA 25147",Germany,21
CUST-0086,Paul Nielsen,jstephens@example.net,001-842-238-5821x690,"42653 Ashley Overpass Suite 821, South Daniel, MT 55851",Australia,44
CUST-0087,Johnathan Garcia,silvalaura@example.net,777.720.7620x997,"2478 Moreno Bridge Suite 453, East Christina, LA 02469",Canada,52
CUST-0088,Christina Gutierrez,jennifermartinez@example.com,236.407.2319,"16162 Curry Prairie Apt. 585, Murrayfurt, LA 96615",Japan,65
CUST-0089,Rachel Kirk,znguyen@example.net,468.467.5160x795,"546 Brittany Court Suite 370, Flemingshire, CA 25406",United States,25
CUST-0090,Deborah Gonzalez,jerrypena@example.net,899.222.1897x48320,"85977 Banks Corners Apt. 808, Lake Susanbury, ME 30338",France,33
CUST-0091,Cheryl Diaz,carolinerhodes@example.com,+1-287-423-3262x8781,"5811 Brooks Court Suite 832, West Ashley, OK 43138",France,35
CUST-0092,Timothy Brown,seansanders@example.com,001-617-539-6108x633,"20766 Ashley Centers, Bradleyshire, DE 05990",United States,60
CUST-0093,Amy Houston,moneal@example.net,001-407-474-5040,"533 Rogers Trafficway Apt. 993, Contrerasborough, VI 18134",Singapore,45
CUST-0094,David Tucker,richardsonleah@example.net,+1-277-875-0389x2084,"012 Leonard Turnpike Apt. 923, Patriciaville, VI 66213",Switzerland,58
CUST-0095,Stephen Gray,wilkinsonjaime@example.com,5342332454,"626 Larry Underpass, Port Reginaldstad, DE 34721",United Kingdom,60
CUST-0096,Brian Mann,amycarrillo@example.org,340-565-4608,"579 Ruiz Heights Apt. 836, Allenburgh, DC 55802",India,64
CUST-0097,Holly Wright,ssanders@example.net,(930)877-8530x170,"46737 Evan Ferry Suite 601, East Paulbury, OR 86282",Australia,45
CUST-0098,Raymond Malone,brookstricia@example.org,5833193228,"57282 Baker Rue Suite 073, Nicholsville, FM 47085",Canada,58
CUST-0099,Rachel Harris,larryjimenez@example.net,626-216-9413,"51220 Sanchez Wall Suite 454, Lisaport, AR 97888",Germany,45
CUST-0100,Alan Martin,gbriggs@example.org,4346525408,"7901 Alexis Keys Apt. 802, Stevensfurt, MN 82633",United States,60
CUST-0101,Logan Robinson,crussell@example.org,(533)337-8909x140,"46316 Henderson Station, Lorrainehaven, RI 88973",Japan,59
CUST-0102,Heather Brown,andrea94@example.net,001-982-967-4909x572,"33501 Carroll Walks Apt. 312, New Jesse, NC 39301",France,43
CUST-0103,Ronnie Harris,jamesbauer@example.org,(426)918-6771x2568,"0599 Palmer Garden, West Jonathan, AR 93993",Singapore,26
CUST-0104,Marissa Gordon DDS,daniellewilliams@example.org,762.567.0024x312,"945 Erica Ports Apt. 179, Royport, NV 80660",Singapore,77
CUST-0105,Holly Erickson,shepherdsamantha@example.net,001-324-388-6564x39156,"201 Ashley Hills, South Ashley, SC 19158",United States,23
CUST-0106,Tim Mason,valerie14@example.com,(413)973-0672x25492,"PSC 4359, Box 0531, APO AA 71440",Switzerland,48
CUST-0107,Michael Benitez,floreskenneth@example.net,+1-314-818-0596x85015,"66308 Cardenas Throughway Apt. 526, Robinsonchester, OK 04811",Australia,52
CUST-0108,Sandra Gonzalez,olivererin@example.net,277.216.5327x35852,"597 Holly Squares Suite 390, Baldwinburgh, NC 51075",Canada,57
CUST-0109,Casey Morris,jonesrobert@example.org,001-456-735-0612x190,"38738 Michele Shore Apt. 441, Lake Seanview, MS 65592",Canada,40
CUST-0110,Dawn Miller,hansentiffany@example.com,+1-849-986-3080,"578 Guzman Parkways, Kathrynchester, NJ 55066",United Kingdom,63
CUST-0111,Marissa Clark,thomasfarley@example.org,202-524-5586x7702,"6945 Ryan Brooks Suite 712, North Melvin, DC 73320",Canada,54
CUST-0112,Edgar Evans,davidburns@example.com,417.848.4816x4981,"272 Baker Passage Suite 747, New Marioberg, SD 38327",United Kingdom,68
CUST-0113,Crystal Ross,iharris@example.com,6602856667,"10976 Roach Station, Hernandezport, AL 47265",Singapore,44
CUST-0114,Christopher Gibbs,courtney59@example.org,459.746.9622x92238,"3782 Jesus Roads, South Pamelaberg, FL 28502",United States,44
CUST-0115,Kelly Diaz,olong@example.org,705-921-5302,"60915 Sara Roads, Lake Thomasview, DC 01606",India,34
CUST-0116,Jennifer Lee,hawkinsbenjamin@example.com,700-616-6270x0208,"778 Watkins Heights, Markview, CT 33946",France,55
CUST-0117,Richard Mckinney,manningscott@example.com,423.775.8340x36124,"57540 Taylor Shoal Apt. 602, New Danielfurt, MA 29878",Australia,40
CUST-0118,Andrew Parker,adrian45@example.net,001-218-698-1864x8252,"430 Fisher Radial, Meganstad, WY 92786",India,47
CUST-0119,Nathan Wade,cbradley@example.net,(282)821-7198,"070 Cox Mount, New Brandon, MP 08356",Switzerland,41
CUST-0120,Barbara Daniels,uhines@example.org,285-500-6018,"87141 Lisa Knolls, Thomasfort, TN 40193",Singapore,24
CUST-0121,Jim Davis,brendacole@example.org,330.236.6093x464,"10284 Sheri Run Suite 678, Jonberg, NJ 03350",United Kingdom,27
CUST-0122,Brandon Castaneda,lisa11@example.net,(880)981-0498x875,"42757 Sheila Turnpike, Port Anitaborough, AS 52630",France,22
CUST-0123,Emily Key,bharris@example.net,487-894-7041,"291 Cunningham Brook Suite 925, Lake Michael, NJ 17495",Australia,63
CUST-0124,Steven Duncan,dcarpenter@example.net,531-883-3740x022,"8369 Jason Ford, Stephanieland, ME 38090",United Kingdom,25
CUST-0125,Lance Franco,jasonrobinson@example.com,001-650-493-9832x6560,"9714 Cain Isle, Courtneyberg, WY 32438",Australia,55
CUST-0126,John King,wheeleramber@example.net,001-474-886-3405x8243,"9421 Richard Trail Apt. 509, Andersonland, MP 77016",Canada,42
CUST-0127,Dillon Ray,mariabaker@example.net,275-535-7031x2886,"2118 Dean Springs, New Ginamouth, PA 85480",Germany,49
CUST-0128,Cindy Chandler,meyermichelle@example.com,628.487.5651x1175,"4735 Fritz Corner, Rodgersberg, NE 16101",Germany,56
CUST-0129,Michael Stevens,danielwood@example.com,001-553-296-2498,"56149 Trevino Mall, Michaelview, LA 85126",Canada,70
CUST-0130,Stacey Hall,anitahunter@example.org,575-888-1507x581,"3537 Henry Corner, New Dannymouth, MI 69233",Australia,45
CUST-0131,John Nguyen,jeffreybrown@example.net,(786)791-9405x95837,"9650 Mitchell Meadows Suite 885, Gillburgh, MP 96150",Japan,46
CUST-0132,Joshua Fernandez,obrieneugene@example.org,(787)975-3956x4432,"Unit 5518 Box 1574, DPO AA 03171",India,24
CUST-0133,Kathryn White,paulsavage@example.org,418.417.3174x3777,"605 Matthew Trail Suite 279, Port Tinabury, VA 40488",Singapore,27
CUST-0134,Ronald Weber,travismathews@example.org,001-530-258-6452,"3100 Renee Port, Lake Alexis, NJ 91893",United States,46
CUST-0135,Thomas Davenport,travisthornton@example.net,617-899-7971,"50308 April Wall Suite 620, New Rodney, AR 71995",United Kingdom,34
CUST-0136,Brandon Shaffer,alexanderandrew@example.org,225-223-1741x4169,"2373 Christopher Summit, Lunaberg, AR 95991",France,64
CUST-0137,Stephanie Caldwell,austin94@example.com,(307)271-5920x82736,"20595 Perkins Course Suite 999, Butlerbury, LA 36557",Germany,34
CUST-0138,Jaime Hunter,austinalvarez@example.com,335.228.5912x055,"49790 Potts Stream Apt. 891, West Richard, IL 95409",Japan,63
CUST-0139,Richard Edwards,ochoajonathan@example.org,+1-600-574-6735x85062,"PSC 0762, Box 4264, APO AE 05775",Canada,30
CUST-0140,Stephanie Bird,davidcarr@example.com,472.710.9719,"8798 Laura Mount Apt. 132, Danielview, AL 32373",Switzerland,34
CUST-0141,Kimberly Russell,sarahcarr@example.com,769.581.2263,"48407 Burke Rue Apt. 258, New Alexandramouth, TX 45559",Singapore,30
CUST-0142,Miguel Johnson,melissaharvey@example.net,001-372-750-1174x932,"Unit 2194 Box 9675, DPO AA 52910",Australia,35
CUST-0143,Ryan Miller,joneschristy@example.net,248-425-7861,"Unit 8171 Box 9845, DPO AP 90926",France,65
CUST-0144,Troy Clark,erin33@example.org,+1-559-275-2991x5814,"09222 Ryan Radial, North Jessicaville, AR 40158",Switzerland,55
CUST-0145,Stephanie Barker,olsoncarmen@example.net,458.802.9628,"0633 Hooper Lodge, West Christophershire, AL 39894",Australia,52
CUST-0146,Hector Martinez,skinnerveronica@example.net,(599)594-5003,"769 Rice Brook Suite 559, Lake Kathrynside, GA 94395",Switzerland,48
CUST-0147,Joseph Mendoza,robinsontimothy@example.org,001-472-869-4828x9247,"Unit 0121 Box 0333, DPO AP 41278",Germany,68
CUST-0148,Anthony Wilson,kmadden@example.org,+1-852-849-6340x9262,"5666 Clark Island Suite 454, Aaronville, KS 80193",France,66
CUST-0149,Alexandra Clark,mhernandez@example.net,(974)918-1682,"7673 Kevin Dale, Hughestown, NY 24059",Germany,74
CUST-0150,Alicia Ibarra,coxlauren@example.org,941-530-2074,"2865 Amber Harbors Apt. 901, Robinsonville, VI 51315",United Kingdom,65
CUST-0151,Elizabeth Cross,russellraymond@example.org,(404)836-8348,"70234 Diaz Plains Suite 304, Millerchester, MS 32803",Yemen,32
CUST-0152,Jacqueline Oconnor,brookemendoza@example.net,001-418-470-6445x28427,"7120 Jones Vista Apt. 652, South Terrybury, UT 61969",France,60
CUST-0153,Morgan Sanchez,omar00@example.org,694.451.4866x30870,"5972 Garza Avenue Suite 684, South Peter, PR 37228",Canada,31
CUST-0154,Megan Thompson,qyoung@example.net,713-312-4364x19738,"PSC 6958, Box 8467, APO AP 12790",Australia,20
CUST-0155,Janet Hayes,shawn58@example.net,959.610.2316x7426,"29261 Michelle Circles, Lake Gerald, MA 65944",United Kingdom,14
CUST-0156,Morgan Obrien,christinemoore@example.com,001-302-642-0874x9847,"29080 Tina Fort Apt. 278, South Danielside, MS 90784",Germany,51
CUST-0157,Stephanie Anderson,david46@example.net,+1-749-265-7562,"9416 Castro Rapid, Lindahaven, MS 53655",Singapore,39
CUST-0158,Jeremiah Rowe,jmoore@example.net,328-976-9681x4340,"181 Washington Shoals Suite 940, Jacobshire, FL 13818",France,27
CUST-0159,Andrew Liu,qthomas@example.com,+1-498-869-5273,"349 Kathryn Isle, New Stephanie, NC 17519",Singapore,31
CUST-0160,Meghan Young,suzanne06@example.net,664.395.0244x95118,"7972 Fischer Rapid, New Madisonstad, MN 82724",Japan,53
CUST-0161,Kelsey Ramirez,perrydawn@example.org,532.827.0154x6398,"3576 Todd Ports Apt. 031, Brownstad, AR 13248",Switzerland,53
CUST-0162,Edward Davis,zachary16@example.org,977.935.3775x294,"USNV Welch, FPO AP 48581",Germany,42
CUST-0163,Jessica Benson,rcastro@example.org,(530)730-4494x60636,"10344 Tammy Square, Ryanstad, OR 55991",United States,45
CUST-0164,Mallory Gonzalez,gary15@example.com,(237)299-2039,"068 Johnson Shoal, Davidburgh, VA 01512",United States,26
CUST-0165,Jessica Cunningham,cking@example.com,(323)765-1392x33509,"USNV Golden, FPO AP 60212",Germany,60
CUST-0166,Michael Huber,alexis21@example.com,715.425.0435x895,"6312 Joseph Parkways Suite 435, Quinnstad, NC 11518",United States,33
CUST-0167,Aaron Evans,russellronald@example.org,528-203-0530x47610,"983 Justin Walk Suite 358, Abigailchester, VT 07247",Germany,60
CUST-0168,James Scott,paulacohen@example.org,(610)744-8349x2650,"PSC 0653, Box 1459, APO AP 46274",Singapore,27
CUST-0169,Michelle Davis,hermanreginald@example.net,+1-499-327-5046x07267,"76566 Kristen Bridge Apt. 900, West Jenniferside, OK 24294",Singapore,60
CUST-0170,Jeff Davis,qbaker@example.com,(535)833-6153x6884,"294 Todd Squares Suite 927, South Bonnietown, OH 37421",United Kingdom,18
CUST-0171,Wesley Cervantes,powens@example.net,877-672-4403,"057 Steven Ranch Apt. 713, Thomasview, NM 29237",India,33
CUST-0172,Elizabeth Brandt,nbailey@example.com,(371)265-8890x4287,"98252 Gary Pike, Port Laura, NC 08492",Singapore,95
CUST-0173,Michael Jimenez,stephanierhodes@example.org,(667)403-1602x957,"99864 Jessica Gateway, Jacquelinebury, ID 20056",Japan,35
CUST-0174,Linda Russell,brandon45@example.com,(969)448-0457x787,"4198 Jackson Circle, Lake Pamelaberg, WV 71898",United States,37
CUST-0175,Kenneth Johnson,wendymorris@example.com,724.610.1916,"1574 Green Station, Davisfurt, NE 42905",France,39
CUST-0176,Lee Little,yshelton@example.org,805.904.8954x7555,"509 Katherine Plaza, Reginaview, CT 22888",Yemen,62
CUST-0177,Julia Rodriguez,kimberlymitchell@example.net,8512029331,"USNV Stephens, FPO AA 30122",United States,19
CUST-0178,Lisa Greer,randallangela@example.org,9662972731,"Unit 0341 Box 6680, DPO AA 10998",Switzerland,56
CUST-0179,Teresa Simon,barbarakidd@example.org,+1-719-273-2396,"01155 Collier Via, Port Lorrainebury, LA 81389",Australia,18
CUST-0180,Marc Huff,destiny18@example.com,(643)501-5530x045,"231 Michelle Centers, Stoneton, FM 94041",Germany,20
CUST-0181,Rebecca Kennedy,avilaaaron@example.com,+1-529-285-0163x911,"2252 Evans Springs Suite 708, East Kelly, DC 27184",Singapore,38
CUST-0182,Joseph Bowers,graytony@example.org,356-880-5028x5225,"6245 Johnston Roads Suite 942, East Courtneyport, MI 31020",Switzerland,35
CUST-0183,Amanda Roberts DVM,turnerdaniel@example.org,(491)223-0216x334,"155 Ashley Ranch, Lake Christopherton, NV 99758",India,42
CUST-0184,Gregory Johnson,huffmanbrandon@example.org,7279070464,"Unit 0542 Box 5738, DPO AE 22997",Switzerland,21
CUST-0185,Thomas Carroll,april89@example.org,2777367023,"507 Bennett Lodge Apt. 275, East Ryan, MI 43839",United States,24
CUST-0186,Karen Brown,gilltravis@example.com,8453973895,"Unit 7351 Box 4285, DPO AP 81515",Japan,65
CUST-0187,Sandra Brady,russelltheresa@example.org,001-968-224-8464x52593,"20931 Jason Center Suite 761, Port Christopherview, WA 50741",United Kingdom,42
CUST-0188,Lisa Fischer,brianagonzalez@example.com,9112858743,"60846 Hawkins Knoll Suite 169, Lake Isaacchester, MP 09192",Australia,68
CUST-0189,Brenda Zavala,matthewlong@example.net,(280)622-6399x027,"120 Scott Squares Suite 219, Johnfurt, ID 67087",United Kingdom,36
CUST-0190,Peter Hughes,robert90@example.com,001-771-564-9306x3351,"83564 Farley Green Suite 823, Zacharystad, CO 14999",Germany,32
CUST-0191,Marie Kim MD,hallrobin@example.net,+1-803-228-7149x0689,"0029 Watson Street, Nguyenberg, KS 68009",Japan,70
CUST-0192,Tiffany Williams MD,sarah36@example.net,763-244-3573x56680,"731 Lisa Squares Apt. 425, New Samanthahaven, NC 52931",India,30
CUST-0193,Mark Schneider,kimberlywolfe@example.com,702.213.0412,"392 Williams Street, Hendersonbury, KS 76476",United Kingdom,29
CUST-0194,Patricia Moore,xsherman@example.org,(392)588-1222,"647 Danielle Common, Whiteville, WA 94037",France,44
CUST-0195,Nathan Brown,valdezhenry@example.com,305-385-4124,"296 Soto Groves Apt. 345, Rossfurt, LA 67639",Australia,20
CUST-0196,Samuel Mendoza,gonzalesthomas@example.net,970-738-6220x1890,"474 Ronnie Fort Suite 007, Lake John, AS 17795",Canada,29
CUST-0197,Stephanie Bryan,howardrichardson@example.com,+1-782-912-7372,"8784 Francis Roads Suite 797, East Elizabeth, MH 19251",Japan,63
CUST-0198,Michelle Solomon,potterkathryn@example.net,404-972-0917,"680 John Fields, Hawkinschester, WA 81433",Canada,37
CUST-0199,Mary Taylor,barbara02@example.org,001-550-548-9278x103,"71358 Morgan Circles Apt. 868, Port Chelsea, RI 55659",Venezuela,64
CUST-0200,David Robinson,fharvey@example.com,(891)464-2281x5251,"3071 Andrew Grove, South Garyfort, OR 93892",United Kingdom,71
CUST-0201,Jennifer Fuller,willie86@example.org,703-818-7947,"9560 Michael Springs, Jenkinsfort, GA 21285",Australia,20
CUST-0202,Suzanne Mack,brookskevin@example.org,(357)450-0852x7667,"0498 Brittany Crescent, Evanston, WI 54752",Australia,57
CUST-0203,Miss Ashley Hicks MD,adamsgabriel@example.org,528.423.5074x72357,"1590 Reynolds Dam, Aliview, NY 93651",Canada,30
CUST-0204,Carlos Soto,jeffrey19@example.com,965.297.8026,"48251 Natalie Corner Apt. 657, Mariachester, WV 94494",India,52
CUST-0205,Samantha Smith,catherineshields@example.com,446-469-4652x4749,"9333 Matthew Dam, Port Mistymouth, NE 86419",United States,27
CUST-0206,Danielle Huang,peckjacqueline@example.com,(626)366-0793,"5637 Smith Green, North Christian, OH 30654",Germany,35
CUST-0207,Diane Avila,mross@example.com,(813)661-3532x1275,"4625 David Fork Suite 125, South Colleenfort, GA 31617",Singapore,24
CUST-0208,Jason Howard,friggs@example.com,335.267.5610x9082,"84449 Camacho Lock Suite 962, New Anne, MP 96009",United Kingdom,69
CUST-0209,Sandra Allen,jocelyn08@example.net,825.665.0864x860,"790 Boyle Park, Brownview, MI 89160",Australia,57
CUST-0210,Jillian Matthews,velasquezmatthew@example.org,393-967-2618,"7125 Jason Light, Matthewsborough, MO 60539",Japan,39
CUST-0211,Jennifer Odonnell,wroth@example.com,493.628.5615x08897,"1113 Christine Rue Suite 410, West Abigail, ME 30005",Australia,28
CUST-0212,Kelsey Frank,amber58@example.net,409.737.3690,"31266 Carl Corner Suite 596, New Derekstad, MD 60718",France,37
CUST-0213,Diane Griffith,richard25@example.net,(941)341-0994x827,"3646 White Cove, East Markberg, CT 80311",Germany,77
CUST-0214,Jill Wilson,theresa58@example.com,+1-557-874-6327x4684,"9379 Gibbs Gardens, West Arthurport, ME 21628",Germany,52
CUST-0215,Michelle Jones,sierra05@example.com,+1-755-602-2287x9829,"Unit 1694 Box 3190, DPO AE 36758",Switzerland,44
CUST-0216,Mary Ballard,hayessarah@example.com,7254344465,"74627 Casey Street Apt. 806, East Kimberly, AR 87118",Switzerland,31
CUST-0217,Troy Keller,lori01@example.com,(515)866-9549x208,"17707 Maureen Trace Suite 223, New Katherine, MP 67075",France,60
CUST-0218,Amy Gallegos,angela83@example.net,(425)757-6250x64322,"Unit 8780 Box 9090, DPO AP 65754",France,57
CUST-0219,Jason Ashley,david32@example.org,(459)806-6704x6714,"56922 Lawson Ville, Benjamintown, CO 28657",Germany,37
CUST-0220,Rachel Murray,corey82@example.org,(822)677-2846x06966,"1288 Hartman Plains Apt. 243, Katherinefort, VT 47876",United States,70
CUST-0221,Kurt Kelly,gardnerjared@example.com,001-942-216-1939x3566,"9898 Gloria Haven Apt. 903, Ryanport, MH 84836",Germany,18
CUST-0222,Michelle Davis,karen17@example.org,+1-573-967-4890,"1030 Davis Stravenue, North Elizabethland, CA 94575",Germany,61
CUST-0223,Nancy Thompson,mcortez@example.net,+1-285-559-5994x359,"PSC 1207, Box 9619, APO AP 65561",Canada,19
CUST-0224,Lauren Frederick,ericwood@example.com,534-235-5408x46811,"11110 Morales Lock, Thomasborough, WA 94059",Singapore,22
CUST-0225,Jerry Walker,katherine19@example.org,346-775-5007x027,"616 Estes Haven Apt. 830, Port Stephanie, MI 98518",Japan,26
CUST-0226,Richard Davis,moorerobert@example.com,+1-993-704-1863x8955,"30018 James Oval, New Drew, LA 28917",India,65
CUST-0227,Ruth Shaffer,whudson@example.net,001-226-408-9354x1287,"269 Yvette Lodge Suite 537, Lewismouth, MS 82546",India,44
CUST-0228,Tracie Wood,wjones@example.net,857-530-0850,"22207 Juarez Plaza, Olivermouth, MN 29517",Germany,95
CUST-0229,Jose Barnes,stephaniefreeman@example.net,9775540275,"132 Bolton Mountain, Haleyfort, HI 12462",United Kingdom,91
CUST-0230,Patricia Martin MD,kayla09@example.com,715-514-2398,"273 Guzman Turnpike, North Louis, MT 93056",India,95
CUST-0231,Shelby Nichols,william91@example.com,7619521565,"616 Johnson Fall Suite 576, Port Andrew, OR 67832",Germany,50
CUST-0232,Patrick White,cynthia60@example.org,001-820-245-5165,"05144 Victor Avenue Suite 673, East Jacquelineville, KS 47796",Switzerland,45
CUST-0233,Kenneth Williams,jlewis@example.net,+1-784-873-7023,"6440 Christian Lodge Apt. 829, Danielsborough, AL 31307",Germany,27
CUST-0234,Curtis Mcdonald,edwardsjennifer@example.net,(261)240-9650x8526,"86634 Jennifer Course Apt. 660, Davidborough, TN 48962",India,24
CUST-0235,Tanya Wagner,hannahfinley@example.com,857-532-3999x385,"9204 Pennington Manors, Langborough, MA 69787",Japan,67
CUST-0236,Allen Stephens II,taylorjohn@example.com,+1-244-394-8735,"29420 Cassandra Well Apt. 743, West Omar, SC 61354",India,49
CUST-0237,Heather Gray,andrew23@example.net,+1-469-788-6250x289,"43365 Johnny Meadows Apt. 578, East Rogerview, MI 23153",United States,58
CUST-0238,Kelly Rodriguez,jennifer67@example.org,(592)359-3806x5267,"097 Patricia Hills Suite 483, East Steven, OR 24816",Germany,64
CUST-0239,Stuart Banks,mgibson@example.org,(213)294-4522,"369 Jennifer Gardens, Alextown, OR 45991",Germany,52
CUST-0240,Nichole Perkins,pedro87@example.org,+1-273-304-2871x312,"1455 Gutierrez Vista Suite 505, West Danielle, NY 87100",Germany,70
CUST-0241,Kenneth Patrick,karacharles@example.org,(231)679-1004x9698,"66720 Stewart River Suite 931, North Elizabethborough, FM 60327",Switzerland,31
CUST-0242,Kyle Cohen,patriciajackson@example.net,(851)558-9835,"89118 Ball Neck, South Elizabeth, MO 36635",United Kingdom,29
CUST-0243,Ian Smith,mcfarlandernest@example.org,(287)489-7298x404,"979 Young Estates, Mitchellland, MT 67485",Switzerland,33
CUST-0244,Kaitlyn Haynes,johnsonrobert@example.net,(859)594-5591,"7100 Douglas Mountains, Port Robert, DC 73989",North Korea,21
CUST-0245,Mary Mann,lguerrero@example.org,706.498.9910x1486,"07950 Dixon Path, Josephside, MD 17584",Switzerland,48
CUST-0246,Ariel Miller,noahperez@example.com,+1-252-395-1894x5860,"11579 Lisa Rapids Suite 166, East Michael, MI 34267",United States,38
CUST-0247,Jon Williams,wendyboyer@example.com,(532)855-5819x2340,"120 King Fields Apt. 456, Port Douglas, IA 37257",Germany,47
CUST-0248,Aaron Roberts,pamelanichols@example.com,+1-561-439-3185x0108,"53526 Smith Walks, Sharonburgh, UT 65733",Singapore,53
CUST-0249,Crystal Thomas,michelledavidson@example.org,8478733483,"00934 Joshua Lights, Karenhaven, NH 05487",Japan,48
CUST-0250,Randy Mann,katherinerobinson@example.net,+1-217-952-0366,"3436 Ryan Rapid, Lake Barbara, NY 72712",United States,38
CUST-0251,Tracy Garcia,sharonwood@example.org,998-883-8554x9540,"176 Patricia Park, Katrinaburgh, MT 74278",Germany,68
CUST-0252,Daniel Campbell,petersondarrell@example.net,001-546-720-9966x7020,"240 Ana Green Suite 362, Shariview, OK 28513",United States,67
CUST-0253,Nathaniel Fernandez,samantha12@example.net,8262805350,"1812 Ryan Dale Apt. 560, Mataborough, CA 44079",United States,22
CUST-0254,Michael Jarvis,ronald07@example.net,(832)974-6243x11388,"26549 Ricky Flats, New Kevinhaven, DE 57420",India,37
CUST-0255,Kellie Douglas,ronaldruiz@example.com,796.951.9913x9314,"69540 Lacey Plaza, West Alexisville, HI 23084",Germany,51
CUST-0256,Megan Smith,michael19@example.org,568-223-3659x90136,"51674 Robert Canyon, Donnatown, DE 48495",United States,37
CUST-0257,Ashley Gilbert,sarah07@example.net,740-530-8743x91822,"63718 Anderson Way Suite 083, North Scottfort, MO 33841",United Kingdom,68
CUST-0258,Jade Salazar,gparker@example.org,(213)568-1866,"13410 Turner Fields, Terryville, FM 26137",United Kingdom,51
CUST-0259,John Thornton,michaelperez@example.org,800.485.9529,"735 Morgan Pines Apt. 003, Scottville, OR 59782",Singapore,63
CUST-0260,Jordan Armstrong,sandyperkins@example.net,(346)979-1930,"482 Katherine Creek Suite 967, Lake Daniellestad, OH 73159",Switzerland,24
CUST-0261,Jill Hayes,wthompson@example.com,300-392-7467,"6598 Barbara Throughway, Knightport, ME 10131",Switzerland,89
CUST-0262,Mike Chambers,whodge@example.org,+1-519-686-3329x8026,"94448 Kyle Mall Apt. 857, Christopherport, MS 21726",Canada,46
CUST-0263,Thomas Nichols,kimberly48@example.org,+1-725-983-1019x45068,"94215 Mark Plain, Lake Vincentview, RI 75132",Germany,63
CUST-0264,Kevin Nguyen,dominicbrown@example.net,(340)905-7977,"07927 Frank Cove Apt. 647, Weavermouth, NV 75614",United Kingdom,31
CUST-0265,Brittany Rice,victoria53@example.net,001-200-256-9919x285,"578 Karen Well Suite 284, Lake Grace, OK 19435",Germany,32
CUST-0266,Tammy Brown,laurarobertson@example.org,455-878-1593x596,"USNV Benson, FPO AA 34643",Singapore,69
CUST-0267,Jason Sanchez,kayla31@example.net,001-606-676-2452x2448,"7037 Anthony Glens, East William, FL 12449",United States,22
CUST-0268,Jonathan Williams,smithdonna@example.net,001-517-939-0651x9157,"PSC 6321, Box 7120, APO AA 28587",Japan,67
CUST-0269,Jennifer Peters,christopher72@example.com,(319)826-3415x95397,"886 Black Cliff Apt. 209, Lake Sandyland, ND 61620",Australia,53
CUST-0270,Sabrina Snyder,andersonwilliam@example.com,352-922-6102,"9021 Kim Brook Apt. 733, Georgeshire, TX 23821",Japan,60
CUST-0271,Jennifer Dickerson,melissaknight@example.com,3159895038,"5938 Kenneth Green Suite 564, Foleyport, MA 92213",Germany,56
CUST-0272,Jeffrey Calderon,rubiotiffany@example.com,861.641.3680,"3038 James Mountain Suite 212, Port Steven, TX 46165",Japan,53
CUST-0273,Mark Williams,marycastillo@example.org,(625)280-0349,"0984 Ray Parks Apt. 014, Lake Vanessaborough, PW 19793",Singapore,68
CUST-0274,Robert Espinoza,krose@example.org,(796)338-3305,"31889 Jones Meadows Apt. 515, Benjaminland, WY 99504",Australia,31
CUST-0275,Samuel Walker,whitakerlisa@example.org,001-458-224-8323x93266,"053 Whitney Valleys Suite 247, Lake Ethanberg, WA 40492",Japan,53
CUST-0276,Michael Guzman,rochamatthew@example.net,001-662-707-0981x35879,"PSC 8710, Box 8219, APO AP 17721",Canada,58
CUST-0277,Michael Robles,smoran@example.net,359-590-3456x055,"85690 Lopez Cliffs Apt. 115, Thomasberg, UT 89225",Germany,53
CUST-0278,Christopher Rodriguez,vickihowell@example.net,7624250445,"139 Jessica Villages, South Dorothymouth, WI 34705",Germany,46
CUST-0279,Debbie Nelson,jacksonjaime@example.com,001-653-796-4267x059,"035 Paul Springs, Kristinview, ND 74330",France,65
CUST-0280,Brandon Jackson,miranda07@example.net,920-756-8045x83126,"48557 Ward Haven, Jessicahaven, NV 59654",United Kingdom,35
CUST-0281,Laura Gibbs,jasonmartin@example.net,229.648.3035x0318,"36734 Nelson Rapid, East Elizabethland, PA 93659",United States,68
CUST-0282,Kevin Gill,bonnierodgers@example.com,(664)592-8424x5813,"30470 Margaret Burgs Apt. 659, New Philip, PR 70133",United States,30
CUST-0283,Stephen Floyd,mary69@example.org,001-844-340-0637x27794,"93366 Erica Curve Apt. 794, Port Judyborough, MO 33871",United States,23
CUST-0284,Christine Bradley,riddlejoel@example.com,(387)608-6555,"47799 Douglas Trail, Thompsonborough, RI 61898",Germany,33
CUST-0285,Sean Roberts,kevinabbott@example.net,001-687-540-3127x9997,"261 Andrew Port, Sherrychester, DE 07315",United States,27
CUST-0286,Briana Reid,chad58@example.org,(696)380-2157,"24620 Shelton Valley Apt. 637, Burkeshire, NY 88300",France,32
CUST-0287,Sarah Pineda,kennethhill@example.org,+1-766-536-4514x858,"PSC 9915, Box 6404, APO AP 15247",India,49
CUST-0288,Christopher Thomas,zkelley@example.net,001-652-623-8729,"6317 Anderson Prairie Apt. 727, Michelefort, MO 37367",Japan,61
CUST-0289,Dakota Medina,tbell@example.com,(646)569-8439,"025 Barnett Ramp, Lawsonmouth, RI 42968",Switzerland,39
CUST-0290,Anthony Pollard,valenciaangela@example.net,(880)469-7551,"1199 Brown Place Suite 650, Curtisville, ND 44252",United Kingdom,38
CUST-0291,Chad Andrade,agreen@example.com,001-210-923-3312x4867,"PSC 2136, Box 1058, APO AA 13343",United States,70
CUST-0292,Nancy Jones,bpark@example.net,279-667-7687,"401 Rogers Via, Lawrenceville, ME 70139",Canada,47
CUST-0293,Molly Dalton,karenford@example.net,221-463-7301x194,"4171 Heather Route, South Meganhaven, NV 31187",United States,56
CUST-0294,Deborah Gonzalez,qpruitt@example.org,001-470-508-7965x988,"3989 Torres Vista Suite 521, East Jonathanbury, GU 24616",India,38
CUST-0295,Brett Clark,dennisbryan@example.net,001-667-720-4957,"48001 Carlos Square Suite 873, Lake Jenniferfort, DC 30816",Germany,31
CUST-0296,Travis Hill,mendeztracy@example.org,204-730-9414x48556,"0134 Medina Spurs, Steveburgh, IN 31391",India,43
CUST-0297,Adam West,ewalker@example.com,348.306.1888x6147,"3591 Tiffany Tunnel Suite 948, Millershire, SD 22643",Japan,21
CUST-0298,April Marsh,howardjason@example.com,346.934.6701x7148,"6968 Joanne Avenue, Rachelport, NE 28092",Switzerland,89
CUST-0299,Michelle Costa,hannahprice@example.org,857-807-5292,"04144 Jason Causeway Apt. 298, Mirandastad, WI 95676",Germany,60
CUST-0300,Robert Mcdonald,davidstone@example.com,655.555.9109,"77341 Erika Walk, South Jasonburgh, MH 37066",Canada,16
CUST-0301,Valerie Cummings,shawn25@example.com,219.603.6674x8719,"85752 Berry Inlet, New Lisafort, IL 09670",Canada,51
CUST-0302,Dr. Andrea Scott DDS,zachary96@example.org,+1-585-307-9670x361,"803 Wolf Cape, Jaketon, TN 60363",United Kingdom,49
CUST-0303,Dawn Palmer,anthony95@example.com,814-654-8405,"011 Sweeney Pike Suite 437, Sandraberg, AK 07945",Cuba,36
CUST-0304,Lauren Ferrell,jennifer75@example.org,6655977531,"61509 Wayne Turnpike, Mcdanielburgh, DC 18908",India,55
CUST-0305,Susan Harrington,jessicahendrix@example.com,+1-609-771-8664x7859,"USS Hayes, FPO AE 38993",United Kingdom,59
CUST-0306,Katelyn Garcia,qhayden@example.com,+1-629-827-8117,"281 White Grove, Stephenbury, IL 77592",Japan,75
CUST-0307,Amanda Carrillo,pbell@example.org,510.215.5282x4803,"PSC 5818, Box 5827, APO AP 67398",France,67
CUST-0308,Thomas Warren,wilsontammy@example.org,290-664-4133x579,"8507 Melissa Trail, Carlaberg, UT 38418",India,57
CUST-0309,Charles Hines,careyhannah@example.org,793-919-3517,"7429 Gomez Mountain Suite 684, North Elizabeth, IN 72212",India,22
CUST-0310,Katherine Bright,connie10@example.net,(407)655-6345x404,"562 Smith Road, Burnettbury, AZ 06066",United Kingdom,70
CUST-0311,Sara Welch,kelseyaustin@example.net,001-487-635-4900x6619,"4167 Bright Loaf Apt. 911, New Kimberlyville, MN 51706",Canada,31
CUST-0312,Tanya Bailey,umorris@example.com,7685446327,"1450 Mullins Field, Eugeneland, GU 75566",Singapore,32
CUST-0313,Samantha Bowers,georgewilliams@example.net,+1-547-628-8159x59341,"USCGC Jones, FPO AE 37853",Switzerland,33
CUST-0314,Dr. Mary Lucas,leslie63@example.net,585-907-4972,"8215 Paul Ferry, Alyssatown, ME 43621",Switzerland,53
CUST-0315,Michael Cannon,juliavaldez@example.org,001-821-846-5991x7572,"885 Kimberly Lake Suite 995, Port Katherineborough, LA 62676",Switzerland,29
CUST-0316,Lawrence Adams,gmartinez@example.org,+1-549-426-5148x186,"4912 Logan Rapids Apt. 508, North James, PA 67741",France,63
CUST-0317,Sheena Peters,sray@example.net,564-951-4786,"560 Gabrielle Inlet, New Luis, SC 51053",Japan,33
CUST-0318,Andrew Frank,longpatrick@example.org,533-214-2482x4284,"972 Brown Crossroad Apt. 493, South Carrieton, AR 62807",India,57
CUST-0319,Andrew Archer,brian90@example.net,443-923-5761,"PSC 5289, Box 2228, APO AP 80671",United States,31
CUST-0320,Mary Davis,wramos@example.net,869.668.5773x5718,"Unit 7689 Box 0172, DPO AE 19204",India,63
CUST-0321,Sheri Howard,mannpatrick@example.org,796.469.2033x24247,"911 Emma Villages, Hooperstad, MP 29799",Germany,55
CUST-0322,Joe Welch,bwalton@example.net,(609)913-4690x742,"713 Hall Pine, Richardsonberg, PR 81866",Singapore,64
CUST-0323,Brittany Robertson DVM,saraward@example.net,(815)844-4669x0935,"Unit 1570 Box 4322, DPO AE 65083",Singapore,36
CUST-0324,Terry Henderson,barbara03@example.org,001-940-369-5329x66606,"99797 Vaughn Gateway, Nielsenport, SC 68613",Canada,88
CUST-0325,Christopher Peterson,zbrown@example.net,(484)988-4643,"3367 Joshua Mountains, Muellerton, VT 18410",Japan,65
CUST-0326,Daniel Newman,vestrada@example.com,(599)702-9342x936,"6312 Watson Track, North Candice, VA 35005",Singapore,37
CUST-0327,Crystal Hunter,harveyharold@example.com,001-266-934-3363,"418 Anne Mall Apt. 355, Lake Jamie, MD 06611",Germany,37
CUST-0328,Tiffany Carter,laura01@example.com,001-997-855-5094,"067 Henry Harbors, Erictown, CT 48093",Canada,36
CUST-0329,Zachary Morgan,mitchell01@example.com,+1-802-831-8766x4649,"0094 Harper Circle Apt. 349, Wallacemouth, NE 50589",Canada,38
CUST-0330,Maurice Myers,mcdowelljustin@example.com,+1-313-783-4154x1115,"891 Michelle Square Apt. 159, West Kellyland, DE 58471",Germany,45
CUST-0331,Meghan Washington,spearscharlene@example.org,(964)711-2070x94873,"948 Michael Harbor, East Valerie, MH 92321",Australia,41
CUST-0332,Susan Cunningham,wmyers@example.com,(435)702-9147x02703,"25808 Wright Orchard, Lake Shirley, NM 20109",United States,19
CUST-0333,Shannon Gutierrez,lopezmichael@example.net,461.356.9462x17467,"35846 Cody Trail Apt. 157, Cunninghammouth, WV 23164",Germany,65
CUST-0334,Joel Martin,aaronyang@example.org,664-552-7808x13284,"49120 Oliver Mill, North Emilymouth, PR 59934",Singapore,15
CUST-0335,Jessica Mitchell,vthomas@example.org,001-464-599-5968,"1046 Adams Ports Apt. 390, North Candacemouth, ND 53790",Germany,51
CUST-0336,Albert Todd,raymond74@example.com,001-845-943-0479x67976,"068 Mullen Rest Suite 674, Port Jeremy, KY 37733",United Kingdom,28
CUST-0337,Jennifer Swanson,josephnicholson@example.org,+1-221-409-7905x6575,"061 Alvin Mountains, South Kelli, DE 19301",Switzerland,53
CUST-0338,Kyle Murillo,khernandez@example.net,(330)848-7498,"037 Simmons Overpass, Smithfurt, IA 34172",Singapore,21
CUST-0339,Alan Garrett,michaelcrane@example.org,001-503-726-7954x62485,"837 Sharon Stream, Sullivanside, DC 17769",Switzerland,52
CUST-0340,Mitchell Adkins,evansdawn@example.com,+1-975-951-2002,"2162 Hayes Mews, Lake Michael, DC 18024",Canada,65
CUST-0341,Robert Wade,adrian07@example.org,001-863-998-6006x0899,"947 Miles Club Suite 009, Thompsonview, UT 90857",Japan,68
CUST-0342,Amanda Nash,melanie52@example.com,235-328-2303x514,"3115 Vargas Walk Apt. 373, Loriview, KS 32355",Switzerland,59
CUST-0343,Jason Wang,jesse44@example.org,908.943.2955,"393 Marc Forest Apt. 603, Port Nicholasfurt, MD 87102",France,53
CUST-0344,Joseph Scott,ricardoyoung@example.com,(599)483-7151x98070,"914 Benjamin Shoal Suite 406, South Crystal, NH 32698",United Kingdom,79
CUST-0345,John Washington,daniel14@example.com,(438)820-5079x13212,"2401 Ramirez Springs, Emmaland, FM 28370",United States,26
CUST-0346,Michael Robinson,pricedavid@example.net,(587)965-8258x3955,"68709 Jones Lane Suite 731, Colestad, NJ 98718",Australia,32
CUST-0347,Jeffrey Rice,ireed@example.org,4038044473,"72495 Elizabeth Crossing, Johnberg, NM 65099",Germany,22
CUST-0348,Jamie Larson,ivaughn@example.org,(544)370-6085x0529,"450 Aaron Oval, North Michelefurt, KY 65124",Canada,51
CUST-0349,James Castillo,stacy29@example.com,+1-793-267-6699,"039 Steven Light Apt. 621, South Danieltown, FM 26528",India,60
CUST-0350,Johnny Cooper,coreylewis@example.com,001-286-751-7882x846,"0594 Shawn Vista Apt. 554, Williamstad, NJ 55973",United Kingdom,68
CUST-0351,Dr. Abigail Howard,laurawoods@example.org,(243)219-1741x875,"7184 Gilbert Lake Apt. 193, Austinstad, DC 84410",France,52
CUST-0352,Christie Hernandez,janicerivera@example.org,7345960065,"1583 Mccarty Port, Gibsonburgh, MT 29598",France,21
CUST-0353,Deborah Garrett,brucemiller@example.com,(706)207-8364,"15583 Martinez Corners Suite 335, Port Matthew, GA 96472",United States,66
CUST-0354,Stacy Larson,stevenhaynes@example.com,600-201-9455,"3164 Bates Radial Suite 258, Johnsontown, AZ 80659",United Kingdom,63
CUST-0355,Brett Williams,normanramos@example.net,824-498-7038,"PSC 3660, Box 6393, APO AP 38616",Singapore,83
CUST-0356,Tyler Cabrera,jean82@example.org,(470)409-2030x7831,"31188 Parker Camp Apt. 241, East Rachel, KS 20765",Japan,56
CUST-0357,Joseph Wright,john94@example.org,(523)578-7701x411,"2919 Christy Roads Suite 946, New Joseph, AR 54065",France,28
CUST-0358,Allen Peters,christopherhunter@example.com,(899)947-7561x85213,"19494 Myers Spurs Suite 225, East Benjamin, UT 87156",Germany,69
CUST-0359,Tammy Walton,joshuamayer@example.com,001-291-810-4942x380,"119 Mitchell Mill Suite 324, East Veronica, DE 13128",Switzerland,54
CUST-0360,Paula Boyd,andreajackson@example.com,001-600-326-9819x4283,"823 Knight River Apt. 322, Mccallmouth, MD 95942",Germany,85
CUST-0361,Brittany Barr,wolfariel@example.com,001-721-838-5195x5086,"354 Harmon Cove, West David, KY 77444",United Kingdom,29
CUST-0362,Thomas Ward,mullinsjames@example.org,(831)882-6038x13230,"PSC 1307, Box 1026, APO AA 02257",United Kingdom,46
CUST-0363,Brian Silva,webbalisha@example.org,(458)746-8103,"498 Evelyn Alley Suite 006, Lake Jason, MO 10917",Canada,52
CUST-0364,Jeffrey Wood,dustinjones@example.org,669-352-9243x9919,"PSC 8870, Box 5066, APO AP 75350",Japan,67
CUST-0365,Jessica Thompson,lori90@example.org,+1-418-939-5876x890,"52135 Christopher Burg Apt. 037, Port Kathy, MI 89195",Australia,88
CUST-0366,Thomas Goodman,richardhall@example.org,355.435.3947,"5452 Clay Ridges Suite 742, Brownbury, WA 05468",Canada,65
CUST-0367,George Wallace,oday@example.org,380.837.1689x736,"668 Justin Summit Apt. 000, Fritzland, WA 86936",France,55
CUST-0368,Aaron Jones,shanemitchell@example.com,575.747.4515,"3218 Moore Union Apt. 712, Diaztown, OH 52941",Japan,50
CUST-0369,Linda Keller,nwalsh@example.org,(480)526-4198,"3128 Richardson Knolls Suite 444, Peterside, GU 00632",France,26
CUST-0370,Julie Hart,michele60@example.org,001-328-214-1132x775,"2359 Mary Forks, Lindseybury, CA 35890",Australia,83
CUST-0371,Michael Alvarado,john19@example.org,520.698.1593x52378,"471 Riddle Loaf, Lake Andrechester, NJ 45926",United Kingdom,52
CUST-0372,Susan Simpson MD,sbutler@example.net,+1-660-758-4119x655,"6568 Stephen Tunnel Suite 363, Stephaniechester, NY 41964",Japan,23
CUST-0373,Elizabeth Jackson,rodriguezkevin@example.org,001-614-459-1133x75341,"6729 Darren Villages Apt. 838, Candaceburgh, PW 51164",Germany,63
CUST-0374,Wanda Tyler,davidblackwell@example.org,919-934-3450x0329,"98404 Debbie Summit, East Nicholas, MS 68308",United Kingdom,45
CUST-0375,Teresa Newman,gshepherd@example.com,500-725-2972x1330,"4712 Savage Trafficway Suite 203, New Jimmy, NV 45110",Japan,38
CUST-0376,Danielle Rivera,ucampbell@example.org,001-912-836-6049x359,"PSC 8185, Box 8959, APO AA 34718",Australia,23
CUST-0377,David Crane,gilbertyvette@example.com,794-435-5062x018,"769 Carr Village Apt. 755, Lake Gregory, KS 66049",France,48
CUST-0378,Alejandro Hess,joshuaoconnor@example.org,2187015805,"01720 Daniel Pines, Karentown, ID 07425",Singapore,34
CUST-0379,Carolyn Figueroa,robertcrawford@example.com,(718)575-9804x0365,"2815 Kristy Garden Suite 213, Justinchester, UT 30308",India,49
CUST-0380,Joseph Anderson,sarahwalsh@example.com,(277)211-1179x55182,"653 Hart Harbor, Port Tylerville, AL 78375",Japan,36
CUST-0381,Julia Gould,heathersullivan@example.net,452-375-4382,"Unit 0870 Box 2897, DPO AP 59453",Canada,31
CUST-0382,Donna Buckley,tjefferson@example.com,+1-363-442-4194x839,"PSC 4493, Box 9698, APO AP 85383",Japan,60
CUST-0383,Hunter Cameron,glee@example.com,994-506-5450x3814,"667 Jacqueline Shoal, East William, AK 75370",Japan,34
CUST-0384,Cathy Brown,ericamartin@example.org,(623)480-9166x251,"0573 Davila Harbor Suite 376, Dunntown, NJ 82767",India,90
CUST-0385,Tracy Willis DDS,duane68@example.org,(719)691-6936x017,"USCGC Boyle, FPO AP 92460",France,61
CUST-0386,Ruth Powell,kelsey15@example.net,726-289-8985x62449,"Unit 7812 Box 4146, DPO AP 06236",United States,63
CUST-0387,Patrick Solis,williamscourtney@example.org,485.809.2570x144,"78588 James Turnpike Suite 621, Youngfurt, ND 49256",France,27
CUST-0388,Ryan Ortega,ericaliu@example.net,+1-911-246-3545,"7406 Patel Bypass, New Jason, GU 12458",United States,30
CUST-0389,Hannah Day,lauren22@example.org,001-715-770-1018x1884,"346 Kelli Views Suite 786, Phillipsborough, UT 72458",India,22
CUST-0390,Miss Michelle Carpenter,david70@example.net,765-533-0967,"474 Robert Rue Apt. 168, Perezland, PR 75673",United States,63
CUST-0391,Eugene Griffin,broberts@example.net,001-557-772-0206x09982,"366 Vargas Centers Suite 033, Lake Grace, NJ 62092",Singapore,29
CUST-0392,Aaron Potter,megan25@example.org,001-532-314-9134x17569,"905 Mcdaniel Route Apt. 032, Port Derekborough, OH 55245",India,17
CUST-0393,Annette Smith,nicholssabrina@example.com,001-741-763-0114x58238,"906 Duane Lodge, Nelsonburgh, UT 80627",Switzerland,73
CUST-0394,Melody Bailey,briggsamy@example.net,+1-561-387-6646x938,"42213 Catherine Trail, South Roger, KS 97616",United States,28
CUST-0395,Kevin Livingston,emilyberry@example.com,001-270-975-1121,"04535 Matthews Prairie, Montgomeryberg, CO 20962",Switzerland,40
CUST-0396,Laura Summers DVM,washingtonkimberly@example.com,(680)921-0062x83400,"32193 Hartman Spring Suite 548, New Sharonborough, OK 96702",United States,22
CUST-0397,Crystal Ray,margaret87@example.org,965-537-1835,"67790 Anne Ways, East Rachelshire, ID 72745",Canada,19
CUST-0398,Hector Perez,aaron30@example.org,897.618.5513,"337 Petersen Expressway Suite 934, North Donnachester, FM 82082",Japan,20
CUST-0399,Carly Mcdonald,crystal03@example.org,+1-515-785-6774,"36914 Michelle Circles Apt. 773, Lake Kristenmouth, VI 66616",United Kingdom,60
CUST-0400,Chase Crawford,mariaholmes@example.org,+1-241-780-9881x841,"366 Hudson Park Apt. 367, North Taraburgh, NJ 83141",Australia,54
CUST-0401,David Obrien,pjones@example.net,718-673-5604x0551,"280 Powell Street Suite 491, East Allenshire, MN 57491",United States,63
CUST-0402,Ashley Dunn,donnahoward@example.com,431-750-3566,"56611 Daniel Circles, North Christopherton, MH 47510",Japan,15
CUST-0403,Lisa Serrano,kimberly33@example.org,960.821.4725,"PSC 9706, Box 8418, APO AP 39203",Germany,33
CUST-0404,James Rodriguez,brandon32@example.org,3387103216,"368 Fisher Route, Phillipsstad, PA 94366",Australia,47
CUST-0405,Kyle Arnold,heidigutierrez@example.net,384-463-5096,"99914 Graves Inlet Apt. 191, New Christybury, AK 88936",United States,28
CUST-0406,Wesley Ponce,nancy87@example.org,(903)346-0308x349,"9358 Fitzpatrick Plain, Wrightbury, MN 50024",India,86
CUST-0407,Kevin Gonzalez,tinaboone@example.net,001-599-602-0127x06980,"58287 Jason Pass Apt. 544, South Lindahaven, OR 40572",India,31
CUST-0408,Kelly Garza,gbarron@example.com,001-733-211-8532x865,"906 Clark Drive Suite 274, Curryside, MS 67941",United Kingdom,47
CUST-0409,Lauren Cole,george74@example.org,+1-622-727-3939,"350 Abbott Pine Apt. 029, East Curtis, AS 44267",United Kingdom,59
CUST-0410,Tamara Casey,lisa78@example.org,(690)655-4702x029,"PSC 1993, Box 6938, APO AE 19682",Japan,60
CUST-0411,Aaron Morris,xmartin@example.net,001-217-433-6925x022,"610 Nichols Bypass, North Jeromeport, PW 52299",Germany,48
CUST-0412,Philip Lynch,lewisbarbara@example.org,(398)887-0559x300,"831 Perez Mountains Apt. 016, Nguyenborough, NJ 53897",United Kingdom,18
CUST-0413,Brent Velez,wpittman@example.com,748.488.7721x540,"81192 Alicia Squares, Blackton, MN 56005",Japan,45
CUST-0414,Ryan Mcfarland,woodscynthia@example.org,977-886-3554,"1718 Steven Common Apt. 600, Hernandezhaven, OK 35866",Japan,26
CUST-0415,Jennifer Parks,jeffery13@example.com,(430)792-4165,"707 Anthony Flat, Carolineton, AS 34269",Switzerland,32
CUST-0416,Hunter Myers,briangross@example.org,001-921-239-1881,"3978 Angela Manor, East Carly, NC 62851",Australia,50
CUST-0417,Jennifer Houston,dominiquetravis@example.org,633-598-6986x8885,"796 Boyd Corner Apt. 680, Port Mary, TN 94771",Australia,48
CUST-0418,Curtis Lopez,ellisdrew@example.net,001-414-774-3130,"6796 Mark Ranch, West Ericton, VT 41890",India,54
CUST-0419,Michelle Estrada,fferguson@example.com,430.812.4514,"74073 Smith Estates, Paultown, WV 54146",Australia,58
CUST-0420,Mark Raymond,destiny41@example.net,879-317-0108,"8915 Horton Extensions Suite 824, Sandersview, IL 76835",United States,62
CUST-0421,James Smith,jessicafoley@example.org,+1-980-832-3175x9153,"93002 Rodriguez Motorway Suite 733, Scottland, IA 72893",India,45
CUST-0422,Robert Compton,jamespatterson@example.org,001-812-280-8353x66679,"668 John Avenue Apt. 112, Howellfurt, AR 14807",Canada,46
CUST-0423,Megan Hernandez,alexis33@example.com,746.276.4512,"0964 Frazier Street, North Emily, VT 76465",United States,23
CUST-0424,Lisa Best,fchurch@example.org,3644016723,"820 Burton Radial, New Aaron, MD 05224",Germany,69
CUST-0425,Sandra Massey,danielgardner@example.net,372.285.8063,"3844 Hopkins Isle Apt. 596, Kevinville, IA 36737",Japan,69
CUST-0426,Brent Ballard,jerrymiller@example.org,703-977-1624x5419,"48253 Torres Street Apt. 248, Lake Angela, PW 87201",Singapore,64
CUST-0427,Jason Garcia,ureyes@example.org,538.261.2518x19657,"072 Jackson Port Apt. 262, Jessicastad, TN 14620",Germany,36
CUST-0428,William Anderson,oodonnell@example.net,+1-265-325-5958x92517,"9285 Clifford Motorway, Lewismouth, AR 67248",United States,37
CUST-0429,Karina Carey,bfisher@example.net,(888)562-5470,"797 Gardner Field, North Jeremy, KS 79576",Japan,52
CUST-0430,James Jones,dconway@example.org,705.572.8766x021,"314 Brittany Plain, New Richardtown, MH 74538",Switzerland,51
CUST-0431,Robert Carter DDS,laura75@example.com,533-602-6711x8996,"035 Victoria Ville, Banksfort, KS 15774",Germany,59
CUST-0432,Adam Valenzuela,lindsaystewart@example.net,001-268-436-1967x286,"4998 Sandra Fork, West Latoyamouth, AR 02971",Canada,62
CUST-0433,Sara Lee,ewhite@example.net,448-667-3144x061,"Unit 7245 Box 6558, DPO AP 66435",Switzerland,42
CUST-0434,Donna Erickson,millernatalie@example.net,001-441-445-3560x73971,"9841 Hicks Knoll, Micheleburgh, ME 76111",Germany,12
CUST-0435,Phillip Wang,vray@example.com,385.707.4690x373,"5420 Coleman Wall, Lake Rodney, MI 16771",France,19
CUST-0436,Carol Ray,williamflowers@example.net,(960)319-9175x98058,"5360 Molina Mills Suite 699, Braunshire, AL 25333",Australia,53
CUST-0437,Christina Keller,bleblanc@example.net,001-849-311-4875x013,"304 Julie Fields, South Brianmouth, MP 33035",Canada,76
CUST-0438,Ryan Hines,parksmichael@example.org,(603)690-6112x49536,"95102 Renee Isle Suite 770, West Jessica, TX 86851",United States,32
CUST-0439,Daryl Mcgrath,john76@example.net,(705)947-1727x827,"533 Cain Creek, North Jamesstad, MS 07612",Germany,37
CUST-0440,Patricia Lopez,leesarah@example.net,(766)705-1550x816,"06918 Felicia Harbors, North Gregory, KS 24426",Germany,49
CUST-0441,Kevin Williams,owise@example.net,483-923-2401x9347,"0906 Ray Grove, Smithstad, OR 22366",Switzerland,31
CUST-0442,Sarah Webb,gwendolynbell@example.org,+1-420-641-9653,"8127 Hall Centers Apt. 335, Alexanderberg, PA 85496",France,34
CUST-0443,Michelle Hale,bakermargaret@example.org,+1-204-261-5597,"9817 Walters Island, Williamsland, OK 47082",Japan,54
CUST-0444,Sandra Andersen,dgeorge@example.net,001-608-259-8288x0880,"7873 Washington Loaf Suite 949, Deborahfurt, NH 37874",Switzerland,26
CUST-0445,Jose Ruiz,vanessagarcia@example.net,+1-710-277-9193x554,"163 Anderson Vista, Jacobmouth, PW 47344",Canada,93
CUST-0446,Laurie Caldwell,trangel@example.org,+1-522-922-3491x628,"33752 Leblanc Brook, Port Raymondbury, KY 55610",United States,45
CUST-0447,Benjamin Hartman,james11@example.org,001-939-414-7498x86706,"902 George Crossing Suite 858, East Rebekah, PW 68730",Germany,89
CUST-0448,Amber Lee,jacqueline37@example.org,3422963516,"9250 Brown Mountains Apt. 045, Durantown, PR 78484",Switzerland,30
CUST-0449,Laurie Mccall,perezwayne@example.net,642.627.7387,"1444 Mark Drive, Andrewbury, FL 59429",Australia,76
CUST-0450,Megan Mata,brownjason@example.net,+1-400-348-5177x531,"5269 Jonathan Square Suite 414, Port Jesusbury, SC 97977",Japan,66
CUST-0451,Andrea Schaefer,sboyle@example.com,(409)347-5366x8464,"1319 Walker Motorway, North Monique, CA 85584",India,67
CUST-0452,Chelsea Cross,danielle28@example.net,443.711.6333x7848,"528 Arellano Harbors, South Johnberg, OK 39018",United Kingdom,39
CUST-0453,Matthew Solis,mossjason@example.org,001-286-304-9589x2912,"43838 Nixon Lakes, Aguilarport, LA 17339",Australia,28
CUST-0454,Jessica Ortiz,johnsoncraig@example.org,+1-236-388-7555,"6277 Johnson Heights Suite 008, Evansmouth, PR 61503",Australia,51
CUST-0455,Christian Watts,maxwellamy@example.org,435.431.0404,"92175 Rodriguez Land, Port Carolynburgh, MN 05221",India,28
CUST-0456,Charles Murphy,xtaylor@example.com,653.849.9458,"77341 Kim Orchard, Allisonview, RI 69158",Switzerland,72
CUST-0457,Monica Gardner,ronald43@example.org,6039595265,"239 Mike Wells Suite 357, Stephanieberg, MP 87890",Switzerland,48
CUST-0458,James Martin,frankandrea@example.net,001-737-874-4073x34641,"Unit 4293 Box 6575, DPO AE 71674",Australia,28
CUST-0459,Angela Lewis,justinanderson@example.net,652-221-1098,"2291 Jamie Lake Suite 239, Parsonsberg, CO 66288",United Kingdom,61
CUST-0460,Monica Brown,martinjulia@example.net,797-340-4543,"15081 Williams Ranch, Keithfort, IA 29204",Japan,56
CUST-0461,Matthew Watts,craigwilliams@example.org,+1-629-854-3792x2124,"PSC 7818, Box 7743, APO AE 36535",France,59
CUST-0462,Lisa Frazier,lisa93@example.net,001-279-666-9140x01523,"4389 Henry Stravenue, Port Joseph, NE 42047",Germany,38
CUST-0463,Jason Moreno,knightkimberly@example.net,001-858-826-4227x035,"1710 Myers Station Apt. 913, Joeltown, OR 68328",India,19
CUST-0464,Allison Wolfe DDS,laurajenkins@example.net,911-933-1900,"4369 Hannah Lights Suite 069, New Veronica, HI 34097",India,48
CUST-0465,David Baker,georgesuzanne@example.com,986.376.2905,"01031 John Light, Thomasland, MP 42789",United States,69
CUST-0466,Anthony Thomas,woodjesse@example.net,(293)221-1530x957,"36662 Cline Lock, East Robertbury, PW 84162",Canada,49
CUST-0467,Sara Foster,dmcclain@example.net,433.932.6169x28322,"26284 Jennifer Forge, South Douglas, AK 54066",Japan,43
CUST-0468,Shawn Valdez,ashley74@example.net,5509702613,"293 Daniel Cliffs, North Dennis, TN 85136",United Kingdom,63
CUST-0469,Joshua Garcia,galvanjonathan@example.org,(743)502-3484x463,"0372 Johnson Bypass Apt. 378, Batesport, VA 08707",India,45
CUST-0470,William Turner,jonesmelinda@example.com,+1-366-919-5682x0867,"765 Baxter Brook Apt. 812, New Charles, RI 64551",United States,77
CUST-0471,Denise Cooper,hhaynes@example.com,(801)751-5525x09129,"9155 Zachary Highway Suite 346, East Christophermouth, RI 11913",United States,67
CUST-0472,William Curry,uduke@example.net,960-883-2699x01148,"986 Evans Valleys Suite 035, Clarkside, AK 84757",Japan,66
CUST-0473,Elizabeth Jones,ghess@example.com,(863)760-1004x535,"0815 Yu Walks, Lake Cynthia, AS 37656",France,60
CUST-0474,Ricky Allen,williamstimothy@example.net,371-841-2208,"46221 Pitts Keys, West David, TX 54297",India,37
CUST-0475,Aaron Powell,travis80@example.com,(723)479-6890x30350,"4227 Turner Drive, North Jose, MS 22160",Japan,24
CUST-0476,Meredith Turner,moralesgregory@example.com,(255)384-0369,"PSC 2684, Box 8161, APO AA 86612",India,55
CUST-0477,Kevin Fleming,santoskimberly@example.com,(581)294-1580x651,"65441 Tracy Road Apt. 069, South Eduardomouth, PA 56246",India,32
CUST-0478,Curtis Garza,yorkmark@example.net,396-874-2026,"815 Bell Shores, Williambury, ND 34693",Japan,41
CUST-0479,Jennifer Williams,hortonjeffrey@example.net,447-914-7743x92181,"50397 Benjamin Burgs Apt. 295, Danielletown, KS 51786",United Kingdom,23
CUST-0480,Dustin Preston,delgadoreginald@example.com,001-277-271-6952,"771 Phillip Passage, South Justin, ID 96967",India,44
CUST-0481,Deanna Evans,hartamanda@example.com,2074967283,"3767 Smith Green Apt. 485, Dominicchester, AL 44521",Singapore,24
CUST-0482,Courtney Johnson,christopherchambers@example.net,001-983-878-4121,"939 Denise Extensions, Port Lisa, WV 62309",France,33
CUST-0483,Meagan Young,ntodd@example.net,201.689.4913x03189,"063 Ricky Run, Brookefurt, WV 52755",United Kingdom,70
CUST-0484,Annette Martinez,christopheryoung@example.com,+1-878-994-6331,"0018 Sharon Station Suite 704, South Kent, OH 25558",Japan,29
CUST-0485,Frederick Mejia,ashleygill@example.net,7556628581,"98039 Jeffrey Pike, Lake Charles, MO 11552",Singapore,19
CUST-0486,Rhonda Mcclain,isilva@example.net,774.818.4539,"146 Fowler Ridge Apt. 306, Tamaratown, OR 34931",Germany,64
CUST-0487,Tyler Hill,catherine68@example.net,(623)245-0991x2367,"028 Yang Cliffs Suite 874, Princestad, UT 95018",Japan,43
CUST-0488,Rhonda King,hansenchristopher@example.net,998-675-6510,"19882 Richard Forges Apt. 718, North Pamela, MI 34099",Singapore,22
CUST-0489,Felicia Wilson MD,markparker@example.com,(903)596-8226x81324,"261 Vaughn Parkways Apt. 544, Baileyfurt, AS 54408",United States,39
CUST-0490,Grace Dunn,cbradshaw@example.net,931.725.1600,"20820 Jacobs Lakes, Port Corey, UT 76932",United States,42
CUST-0491,Michele White,kendra73@example.net,7707707323,"6623 Kristen Dam Suite 282, Jacksonborough, WA 33197",Japan,31
CUST-0492,Alicia Hoffman,nelsonrandy@example.net,6415432360,"4059 Roberts Forges, Port Angel, AS 21701",Canada,74
CUST-0493,Alexis Gay,dawn03@example.com,647-456-7853x256,"294 Maria Skyway, Debraburgh, WA 99772",United Kingdom,44
CUST-0494,Patrick Landry,dcopeland@example.org,001-613-621-8603x7822,"0477 Campbell Plains Apt. 281, Port Rodney, MD 36473",Australia,88
CUST-0495,Andrea Davis,browndouglas@example.org,001-716-612-7619x84343,"0670 William Circles, Brentmouth, VT 53975",Singapore,69
CUST-0496,Jeffrey Walsh,batesstephen@example.com,+1-379-395-3836x90251,"3773 Edwin Club, East Chad, AS 97124",Germany,18
CUST-0497,Richard Campbell DDS,nmoreno@example.com,574.675.0269x68202,"733 Christopher Gateway, New Hannahburgh, NM 72401",Singapore,56
CUST-0498,Amy Ortiz,katherine75@example.com,210-370-7277,"USNS Rubio, FPO AP 91833",Germany,18
CUST-0499,Mrs. Jennifer Grant,terryjeanette@example.org,001-253-599-9386x626,"9782 Rodriguez Park, Juanhaven, GU 55829",Australia,62
CUST-0500,Richard Robinson,wernerjeremiah@example.org,555-228-4791,"46621 Cain Field, South Jerry, NH 30524",Japan,39
