customer_id,full_name,risk_score,risk_level,rules_triggered_count,rules_triggered_ids
CUST-0496,Jeffrey Walsh,99.38,CRITICAL,23,R01_LARGE_TRANSACTION;R03_STRUCTURING;R04_CRYPTO_MERCHANT;R05_CASH_INTENSIVE_MERCHANT;R06_HIGH_RISK_MERCHANT;R07_SANCTION_COUNTRY;R08_AML_WATCHLIST;R09_PEP_CUSTOMER;R10_NEGATIVE_NEWS;R11_INCOMPLETE_KYC;R13_MULTIPLE_FAILED_LOGINS;R14_IMPOSSIBLE_TRAVEL;R15_VPN_LOGIN;R16_FOREIGN_LOGIN;R18_HIGH_TRANSACTION_FREQUENCY;R21_LARGE_BALANCE_CHANGE;R23_ROUND_NUMBER_PAYMENT;R24_MERCHANT_BLACKLIST;R25_EXTERNAL_FRAUD_ALERT;R26_COUNTRY_RISK;R27_LOCATION_MISMATCH;R28_ACCOUNT_AGE;R30_BEHAVIOURAL_ANOMALY
CUST-0195,Nathan Brown,99.34,CRITICAL,22,R01_LARGE_TRANSACTION;R04_CRYPTO_MERCHANT;R05_CASH_INTENSIVE_MERCHANT;R06_HIGH_RISK_MERCHANT;R07_SANCTION_COUNTRY;R08_AML_WATCHLIST;R09_PEP_CUSTOMER;R10_NEGATIVE_NEWS;R11_INCOMPLETE_KYC;R13_MULTIPLE_FAILED_LOGINS;R14_IMPOSSIBLE_TRAVEL;R15_VPN_LOGIN;R16_FOREIGN_LOGIN;R17_DORMANT_ACCOUNT_ACTIVE;R18_HIGH_TRANSACTION_FREQUENCY;R21_LARGE_BALANCE_CHANGE;R23_ROUND_NUMBER_PAYMENT;R24_MERCHANT_BLACKLIST;R26_COUNTRY_RISK;R27_LOCATION_MISMATCH;R28_ACCOUNT_AGE;R30_BEHAVIOURAL_ANOMALY
CUST-0185,Thomas Carroll,99.09,CRITICAL,20,R01_LARGE_TRANSACTION;R04_CRYPTO_MERCHANT;R05_CASH_INTENSIVE_MERCHANT;R06_HIGH_RISK_MERCHANT;R07_SANCTION_COUNTRY;R08_AML_WATCHLIST;R09_PEP_CUSTOMER;R10_NEGATIVE_NEWS;R13_MULTIPLE_FAILED_LOGINS;R14_IMPOSSIBLE_TRAVEL;R15_VPN_LOGIN;R16_FOREIGN_LOGIN;R18_HIGH_TRANSACTION_FREQUENCY;R21_LARGE_BALANCE_CHANGE;R23_ROUND_NUMBER_PAYMENT;R24_MERCHANT_BLACKLIST;R26_COUNTRY_RISK;R27_LOCATION_MISMATCH;R28_ACCOUNT_AGE;R30_BEHAVIOURAL_ANOMALY
CUST-0478,Curtis Garza,98.91,CRITICAL,19,R01_LARGE_TRANSACTION;R04_CRYPTO_MERCHANT;R05_CASH_INTENSIVE_MERCHANT;R06_HIGH_RISK_MERCHANT;R07_SANCTION_COUNTRY;R08_AML_WATCHLIST;R09_PEP_CUSTOMER;R10_NEGATIVE_NEWS;R11_INCOMPLETE_KYC;R13_MULTIPLE_FAILED_LOGINS;R14_IMPOSSIBLE_TRAVEL;R15_VPN_LOGIN;R16_FOREIGN_LOGIN;R21_LARGE_BALANCE_CHANGE;R23_ROUND_NUMBER_PAYMENT;R24_MERCHANT_BLACKLIST;R26_COUNTRY_RISK;R28_ACCOUNT_AGE;R30_BEHAVIOURAL_ANOMALY
CUST-0262,Mike Chambers,98.66,CRITICAL,20,R01_LARGE_TRANSACTION;R03_STRUCTURING;R04_CRYPTO_MERCHANT;R06_HIGH_RISK_MERCHANT;R07_SANCTION_COUNTRY;R08_AML_WATCHLIST;R10_NEGATIVE_NEWS;R11_INCOMPLETE_KYC;R13_MULTIPLE_FAILED_LOGINS;R14_IMPOSSIBLE_TRAVEL;R15_VPN_LOGIN;R16_FOREIGN_LOGIN;R17_DORMANT_ACCOUNT_ACTIVE;R18_HIGH_TRANSACTION_FREQUENCY;R21_LARGE_BALANCE_CHANGE;R24_MERCHANT_BLACKLIST;R25_EXTERNAL_FRAUD_ALERT;R26_COUNTRY_RISK;R27_LOCATION_MISMATCH;R30_BEHAVIOURAL_ANOMALY
CUST-0287,Sarah Pineda,98.36,CRITICAL,15,R01_LARGE_TRANSACTION;R04_CRYPTO_MERCHANT;R06_HIGH_RISK_MERCHANT;R09_PEP_CUSTOMER;R11_INCOMPLETE_KYC;R15_VPN_LOGIN;R16_FOREIGN_LOGIN;R17_DORMANT_ACCOUNT_ACTIVE;R18_HIGH_TRANSACTION_FREQUENCY;R21_LARGE_BALANCE_CHANGE;R24_MERCHANT_BLACKLIST;R25_EXTERNAL_FRAUD_ALERT;R27_LOCATION_MISMATCH;R28_ACCOUNT_AGE;R30_BEHAVIOURAL_ANOMALY
CUST-0199,Mary Taylor,98.34,CRITICAL,14,R01_LARGE_TRANSACTION;R04_CRYPTO_MERCHANT;R06_HIGH_RISK_MERCHANT;R09_PEP_CUSTOMER;R11_INCOMPLETE_KYC;R15_VPN_LOGIN;R16_FOREIGN_LOGIN;R17_DORMANT_ACCOUNT_ACTIVE;R21_LARGE_BALANCE_CHANGE;R24_MERCHANT_BLACKLIST;R25_EXTERNAL_FRAUD_ALERT;R26_COUNTRY_RISK;R27_LOCATION_MISMATCH;R30_BEHAVIOURAL_ANOMALY
CUST-0244,Kaitlyn Haynes,98.32,CRITICAL,21,R01_LARGE_TRANSACTION;R04_CRYPTO_MERCHANT;R05_CASH_INTENSIVE_MERCHANT;R06_HIGH_RISK_MERCHANT;R07_SANCTION_COUNTRY;R08_AML_WATCHLIST;R09_PEP_CUSTOMER;R10_NEGATIVE_NEWS;R13_MULTIPLE_FAILED_LOGINS;R14_IMPOSSIBLE_TRAVEL;R15_VPN_LOGIN;R16_FOREIGN_LOGIN;R19_ACCOUNT_TAKEOVER_INDICATOR;R21_LARGE_BALANCE_CHANGE;R23_ROUND_NUMBER_PAYMENT;R24_MERCHANT_BLACKLIST;R25_EXTERNAL_FRAUD_ALERT;R26_COUNTRY_RISK;R27_LOCATION_MISMATCH;R28_ACCOUNT_AGE;R30_BEHAVIOURAL_ANOMALY
CUST-0070,Amanda Meyers,98.15,CRITICAL,14,R01_LARGE_TRANSACTION;R04_CRYPTO_MERCHANT;R06_HIGH_RISK_MERCHANT;R08_AML_WATCHLIST;R10_NEGATIVE_NEWS;R11_INCOMPLETE_KYC;R14_IMPOSSIBLE_TRAVEL;R15_VPN_LOGIN;R16_FOREIGN_LOGIN;R17_DORMANT_ACCOUNT_ACTIVE;R18_HIGH_TRANSACTION_FREQUENCY;R21_LARGE_BALANCE_CHANGE;R24_MERCHANT_BLACKLIST;R30_BEHAVIOURAL_ANOMALY
CUST-0072,Austin Velasquez,97.9,CRITICAL,13,R01_LARGE_TRANSACTION;R04_CRYPTO_MERCHANT;R06_HIGH_RISK_MERCHANT;R08_AML_WATCHLIST;R14_IMPOSSIBLE_TRAVEL;R15_VPN_LOGIN;R16_FOREIGN_LOGIN;R17_DORMANT_ACCOUNT_ACTIVE;R18_HIGH_TRANSACTION_FREQUENCY;R21_LARGE_BALANCE_CHANGE;R24_MERCHANT_BLACKLIST;R26_COUNTRY_RISK;R30_BEHAVIOURAL_ANOMALY
CUST-0016,Paul Reyes,97.78,CRITICAL,22,R01_LARGE_TRANSACTION;R03_STRUCTURING;R04_CRYPTO_MERCHANT;R06_HIGH_RISK_MERCHANT;R07_SANCTION_COUNTRY;R08_AML_WATCHLIST;R09_PEP_CUSTOMER;R10_NEGATIVE_NEWS;R11_INCOMPLETE_KYC;R13_MULTIPLE_FAILED_LOGINS;R14_IMPOSSIBLE_TRAVEL;R15_VPN_LOGIN;R16_FOREIGN_LOGIN;R17_DORMANT_ACCOUNT_ACTIVE;R18_HIGH_TRANSACTION_FREQUENCY;R20_SHARED_DEVICE;R21_LARGE_BALANCE_CHANGE;R23_ROUND_NUMBER_PAYMENT;R24_MERCHANT_BLACKLIST;R26_COUNTRY_RISK;R27_LOCATION_MISMATCH;R30_BEHAVIOURAL_ANOMALY
CUST-0014,Brittney Lowe,97.73,CRITICAL,22,R04_CRYPTO_MERCHANT;R05_CASH_INTENSIVE_MERCHANT;R06_HIGH_RISK_MERCHANT;R07_SANCTION_COUNTRY;R08_AML_WATCHLIST;R10_NEGATIVE_NEWS;R11_INCOMPLETE_KYC;R13_MULTIPLE_FAILED_LOGINS;R14_IMPOSSIBLE_TRAVEL;R15_VPN_LOGIN;R16_FOREIGN_LOGIN;R18_HIGH_TRANSACTION_FREQUENCY;R19_ACCOUNT_TAKEOVER_INDICATOR;R20_SHARED_DEVICE;R21_LARGE_BALANCE_CHANGE;R23_ROUND_NUMBER_PAYMENT;R24_MERCHANT_BLACKLIST;R25_EXTERNAL_FRAUD_ALERT;R26_COUNTRY_RISK;R27_LOCATION_MISMATCH;R28_ACCOUNT_AGE;R30_BEHAVIOURAL_ANOMALY
CUST-0467,Sara Foster,97.7,CRITICAL,13,R01_LARGE_TRANSACTION;R04_CRYPTO_MERCHANT;R06_HIGH_RISK_MERCHANT;R14_IMPOSSIBLE_TRAVEL;R15_VPN_LOGIN;R16_FOREIGN_LOGIN;R17_DORMANT_ACCOUNT_ACTIVE;R19_ACCOUNT_TAKEOVER_INDICATOR;R21_LARGE_BALANCE_CHANGE;R24_MERCHANT_BLACKLIST;R25_EXTERNAL_FRAUD_ALERT;R28_ACCOUNT_AGE;R30_BEHAVIOURAL_ANOMALY
CUST-0303,Dawn Palmer,97.49,CRITICAL,21,R01_LARGE_TRANSACTION;R03_STRUCTURING;R04_CRYPTO_MERCHANT;R05_CASH_INTENSIVE_MERCHANT;R06_HIGH_RISK_MERCHANT;R07_SANCTION_COUNTRY;R08_AML_WATCHLIST;R09_PEP_CUSTOMER;R10_NEGATIVE_NEWS;R11_INCOMPLETE_KYC;R13_MULTIPLE_FAILED_LOGINS;R14_IMPOSSIBLE_TRAVEL;R15_VPN_LOGIN;R16_FOREIGN_LOGIN;R17_DORMANT_ACCOUNT_ACTIVE;R23_ROUND_NUMBER_PAYMENT;R24_MERCHANT_BLACKLIST;R26_COUNTRY_RISK;R27_LOCATION_MISMATCH;R28_ACCOUNT_AGE;R30_BEHAVIOURAL_ANOMALY
CUST-0105,Holly Erickson,97.42,CRITICAL,18,R01_LARGE_TRANSACTION;R04_CRYPTO_MERCHANT;R05_CASH_INTENSIVE_MERCHANT;R06_HIGH_RISK_MERCHANT;R07_SANCTION_COUNTRY;R08_AML_WATCHLIST;R09_PEP_CUSTOMER;R10_NEGATIVE_NEWS;R13_MULTIPLE_FAILED_LOGINS;R14_IMPOSSIBLE_TRAVEL;R15_VPN_LOGIN;R16_FOREIGN_LOGIN;R21_LARGE_BALANCE_CHANGE;R23_ROUND_NUMBER_PAYMENT;R24_MERCHANT_BLACKLIST;R26_COUNTRY_RISK;R27_LOCATION_MISMATCH;R30_BEHAVIOURAL_ANOMALY
CUST-0278,Christopher Rodriguez,97.34,CRITICAL,13,R01_LARGE_TRANSACTION;R04_CRYPTO_MERCHANT;R06_HIGH_RISK_MERCHANT;R09_PEP_CUSTOMER;R11_INCOMPLETE_KYC;R15_VPN_LOGIN;R16_FOREIGN_LOGIN;R17_DORMANT_ACCOUNT_ACTIVE;R18_HIGH_TRANSACTION_FREQUENCY;R21_LARGE_BALANCE_CHANGE;R22_OUTSIDE_CUSTOMER_PATTERN;R24_MERCHANT_BLACKLIST;R30_BEHAVIOURAL_ANOMALY
CUST-0084,Christine Franklin,97.15,CRITICAL,12,R04_CRYPTO_MERCHANT;R06_HIGH_RISK_MERCHANT;R08_AML_WATCHLIST;R11_INCOMPLETE_KYC;R15_VPN_LOGIN;R16_FOREIGN_LOGIN;R18_HIGH_TRANSACTION_FREQUENCY;R22_OUTSIDE_CUSTOMER_PATTERN;R24_MERCHANT_BLACKLIST;R25_EXTERNAL_FRAUD_ALERT;R28_ACCOUNT_AGE;R30_BEHAVIOURAL_ANOMALY
CUST-0046,Angela Carpenter,97.08,CRITICAL,13,R04_CRYPTO_MERCHANT;R06_HIGH_RISK_MERCHANT;R08_AML_WATCHLIST;R10_NEGATIVE_NEWS;R11_INCOMPLETE_KYC;R15_VPN_LOGIN;R16_FOREIGN_LOGIN;R18_HIGH_TRANSACTION_FREQUENCY;R21_LARGE_BALANCE_CHANGE;R22_OUTSIDE_CUSTOMER_PATTERN;R24_MERCHANT_BLACKLIST;R27_LOCATION_MISMATCH;R30_BEHAVIOURAL_ANOMALY
CUST-0336,Albert Todd,96.88,CRITICAL,13,R01_LARGE_TRANSACTION;R04_CRYPTO_MERCHANT;R09_PEP_CUSTOMER;R15_VPN_LOGIN;R16_FOREIGN_LOGIN;R17_DORMANT_ACCOUNT_ACTIVE;R18_HIGH_TRANSACTION_FREQUENCY;R19_ACCOUNT_TAKEOVER_INDICATOR;R21_LARGE_BALANCE_CHANGE;R24_MERCHANT_BLACKLIST;R27_LOCATION_MISMATCH;R28_ACCOUNT_AGE;R30_BEHAVIOURAL_ANOMALY
CUST-0080,Alexander Marshall,96.7,CRITICAL,11,R04_CRYPTO_MERCHANT;R06_HIGH_RISK_MERCHANT;R08_AML_WATCHLIST;R11_INCOMPLETE_KYC;R15_VPN_LOGIN;R16_FOREIGN_LOGIN;R21_LARGE_BALANCE_CHANGE;R22_OUTSIDE_CUSTOMER_PATTERN;R24_MERCHANT_BLACKLIST;R25_EXTERNAL_FRAUD_ALERT;R30_BEHAVIOURAL_ANOMALY
CUST-0453,Matthew Solis,96.69,CRITICAL,12,R01_LARGE_TRANSACTION;R04_CRYPTO_MERCHANT;R06_HIGH_RISK_MERCHANT;R15_VPN_LOGIN;R16_FOREIGN_LOGIN;R17_DORMANT_ACCOUNT_ACTIVE;R18_HIGH_TRANSACTION_FREQUENCY;R19_ACCOUNT_TAKEOVER_INDICATOR;R21_LARGE_BALANCE_CHANGE;R24_MERCHANT_BLACKLIST;R27_LOCATION_MISMATCH;R30_BEHAVIOURAL_ANOMALY
CUST-0069,Tiffany Gray,96.67,CRITICAL,12,R04_CRYPTO_MERCHANT;R06_HIGH_RISK_MERCHANT;R08_AML_WATCHLIST;R10_NEGATIVE_NEWS;R11_INCOMPLETE_KYC;R15_VPN_LOGIN;R16_FOREIGN_LOGIN;R18_HIGH_TRANSACTION_FREQUENCY;R22_OUTSIDE_CUSTOMER_PATTERN;R24_MERCHANT_BLACKLIST;R26_COUNTRY_RISK;R29_CUSTOMER_AGE
CUST-0008,Angela Graham,96.62,CRITICAL,13,R04_CRYPTO_MERCHANT;R06_HIGH_RISK_MERCHANT;R08_AML_WATCHLIST;R09_PEP_CUSTOMER;R10_NEGATIVE_NEWS;R15_VPN_LOGIN;R16_FOREIGN_LOGIN;R18_HIGH_TRANSACTION_FREQUENCY;R20_SHARED_DEVICE;R22_OUTSIDE_CUSTOMER_PATTERN;R24_MERCHANT_BLACKLIST;R25_EXTERNAL_FRAUD_ALERT;R27_LOCATION_MISMATCH
CUST-0022,Shawn Williamson,96.6,CRITICAL,13,R04_CRYPTO_MERCHANT;R06_HIGH_RISK_MERCHANT;R08_AML_WATCHLIST;R10_NEGATIVE_NEWS;R11_INCOMPLETE_KYC;R15_VPN_LOGIN;R16_FOREIGN_LOGIN;R18_HIGH_TRANSACTION_FREQUENCY;R20_SHARED_DEVICE;R21_LARGE_BALANCE_CHANGE;R22_OUTSIDE_CUSTOMER_PATTERN;R24_MERCHANT_BLACKLIST;R26_COUNTRY_RISK
CUST-0107,Michael Benitez,96.41,CRITICAL,13,R01_LARGE_TRANSACTION;R04_CRYPTO_MERCHANT;R06_HIGH_RISK_MERCHANT;R08_AML_WATCHLIST;R11_INCOMPLETE_KYC;R15_VPN_LOGIN;R16_FOREIGN_LOGIN;R17_DORMANT_ACCOUNT_ACTIVE;R21_LARGE_BALANCE_CHANGE;R22_OUTSIDE_CUSTOMER_PATTERN;R24_MERCHANT_BLACKLIST;R25_EXTERNAL_FRAUD_ALERT;R30_BEHAVIOURAL_ANOMALY
CUST-0173,Michael Jimenez,96.35,CRITICAL,11,R01_LARGE_TRANSACTION;R04_CRYPTO_MERCHANT;R06_HIGH_RISK_MERCHANT;R15_VPN_LOGIN;R16_FOREIGN_LOGIN;R17_DORMANT_ACCOUNT_ACTIVE;R18_HIGH_TRANSACTION_FREQUENCY;R19_ACCOUNT_TAKEOVER_INDICATOR;R21_LARGE_BALANCE_CHANGE;R24_MERCHANT_BLACKLIST;R30_BEHAVIOURAL_ANOMALY
CUST-0277,Michael Robles,96.2,CRITICAL,11,R04_CRYPTO_MERCHANT;R06_HIGH_RISK_MERCHANT;R14_IMPOSSIBLE_TRAVEL;R15_VPN_LOGIN;R16_FOREIGN_LOGIN;R18_HIGH_TRANSACTION_FREQUENCY;R21_LARGE_BALANCE_CHANGE;R22_OUTSIDE_CUSTOMER_PATTERN;R24_MERCHANT_BLACKLIST;R27_LOCATION_MISMATCH;R30_BEHAVIOURAL_ANOMALY
CUST-0402,Ashley Dunn,96.08,CRITICAL,14,R01_LARGE_TRANSACTION;R04_CRYPTO_MERCHANT;R06_HIGH_RISK_MERCHANT;R15_VPN_LOGIN;R16_FOREIGN_LOGIN;R17_DORMANT_ACCOUNT_ACTIVE;R18_HIGH_TRANSACTION_FREQUENCY;R21_LARGE_BALANCE_CHANGE;R22_OUTSIDE_CUSTOMER_PATTERN;R24_MERCHANT_BLACKLIST;R27_LOCATION_MISMATCH;R28_ACCOUNT_AGE;R29_CUSTOMER_AGE;R30_BEHAVIOURAL_ANOMALY
CUST-0220,Rachel Murray,96.03,CRITICAL,12,R01_LARGE_TRANSACTION;R04_CRYPTO_MERCHANT;R06_HIGH_RISK_MERCHANT;R11_INCOMPLETE_KYC;R14_IMPOSSIBLE_TRAVEL;R15_VPN_LOGIN;R16_FOREIGN_LOGIN;R17_DORMANT_ACCOUNT_ACTIVE;R21_LARGE_BALANCE_CHANGE;R24_MERCHANT_BLACKLIST;R25_EXTERNAL_FRAUD_ALERT;R30_BEHAVIOURAL_ANOMALY
CUST-0382,Donna Buckley,95.78,CRITICAL,11,R04_CRYPTO_MERCHANT;R06_HIGH_RISK_MERCHANT;R09_PEP_CUSTOMER;R11_INCOMPLETE_KYC;R15_VPN_LOGIN;R16_FOREIGN_LOGIN;R18_HIGH_TRANSACTION_FREQUENCY;R22_OUTSIDE_CUSTOMER_PATTERN;R24_MERCHANT_BLACKLIST;R25_EXTERNAL_FRAUD_ALERT;R30_BEHAVIOURAL_ANOMALY
CUST-0353,Deborah Garrett,95.47,CRITICAL,11,R01_LARGE_TRANSACTION;R04_CRYPTO_MERCHANT;R06_HIGH_RISK_MERCHANT;R11_INCOMPLETE_KYC;R15_VPN_LOGIN;R16_FOREIGN_LOGIN;R17_DORMANT_ACCOUNT_ACTIVE;R21_LARGE_BALANCE_CHANGE;R24_MERCHANT_BLACKLIST;R27_LOCATION_MISMATCH;R30_BEHAVIOURAL_ANOMALY
CUST-0176,Lee Little,95.37,CRITICAL,11,R04_CRYPTO_MERCHANT;R06_HIGH_RISK_MERCHANT;R11_INCOMPLETE_KYC;R15_VPN_LOGIN;R16_FOREIGN_LOGIN;R21_LARGE_BALANCE_CHANGE;R24_MERCHANT_BLACKLIST;R26_COUNTRY_RISK;R27_LOCATION_MISMATCH;R28_ACCOUNT_AGE;R30_BEHAVIOURAL_ANOMALY
CUST-0447,Benjamin Hartman,95.35,CRITICAL,11,R01_LARGE_TRANSACTION;R04_CRYPTO_MERCHANT;R06_HIGH_RISK_MERCHANT;R11_INCOMPLETE_KYC;R15_VPN_LOGIN;R16_FOREIGN_LOGIN;R17_DORMANT_ACCOUNT_ACTIVE;R21_LARGE_BALANCE_CHANGE;R24_MERCHANT_BLACKLIST;R25_EXTERNAL_FRAUD_ALERT;R30_BEHAVIOURAL_ANOMALY
CUST-0456,Charles Murphy,95.26,CRITICAL,11,R01_LARGE_TRANSACTION;R04_CRYPTO_MERCHANT;R06_HIGH_RISK_MERCHANT;R11_INCOMPLETE_KYC;R15_VPN_LOGIN;R16_FOREIGN_LOGIN;R17_DORMANT_ACCOUNT_ACTIVE;R18_HIGH_TRANSACTION_FREQUENCY;R21_LARGE_BALANCE_CHANGE;R24_MERCHANT_BLACKLIST;R30_BEHAVIOURAL_ANOMALY
CUST-0327,Crystal Hunter,95.2,CRITICAL,11,R01_LARGE_TRANSACTION;R04_CRYPTO_MERCHANT;R06_HIGH_RISK_MERCHANT;R09_PEP_CUSTOMER;R11_INCOMPLETE_KYC;R15_VPN_LOGIN;R16_FOREIGN_LOGIN;R17_DORMANT_ACCOUNT_ACTIVE;R21_LARGE_BALANCE_CHANGE;R24_MERCHANT_BLACKLIST;R30_BEHAVIOURAL_ANOMALY
CUST-0174,Linda Russell,95.02,CRITICAL,10,R01_LARGE_TRANSACTION;R04_CRYPTO_MERCHANT;R06_HIGH_RISK_MERCHANT;R15_VPN_LOGIN;R16_FOREIGN_LOGIN;R17_DORMANT_ACCOUNT_ACTIVE;R21_LARGE_BALANCE_CHANGE;R24_MERCHANT_BLACKLIST;R25_EXTERNAL_FRAUD_ALERT;R30_BEHAVIOURAL_ANOMALY
CUST-0374,Wanda Tyler,95.02,CRITICAL,10,R04_CRYPTO_MERCHANT;R06_HIGH_RISK_MERCHANT;R09_PEP_CUSTOMER;R15_VPN_LOGIN;R16_FOREIGN_LOGIN;R21_LARGE_BALANCE_CHANGE;R22_OUTSIDE_CUSTOMER_PATTERN;R24_MERCHANT_BLACKLIST;R25_EXTERNAL_FRAUD_ALERT;R27_LOCATION_MISMATCH
CUST-0094,David Tucker,94.7,CRITICAL,9,R04_CRYPTO_MERCHANT;R06_HIGH_RISK_MERCHANT;R08_AML_WATCHLIST;R11_INCOMPLETE_KYC;R15_VPN_LOGIN;R16_FOREIGN_LOGIN;R22_OUTSIDE_CUSTOMER_PATTERN;R24_MERCHANT_BLACKLIST;R30_BEHAVIOURAL_ANOMALY
CUST-0202,Suzanne Mack,94.7,CRITICAL,11,R01_LARGE_TRANSACTION;R04_CRYPTO_MERCHANT;R06_HIGH_RISK_MERCHANT;R09_PEP_CUSTOMER;R11_INCOMPLETE_KYC;R15_VPN_LOGIN;R16_FOREIGN_LOGIN;R17_DORMANT_ACCOUNT_ACTIVE;R21_LARGE_BALANCE_CHANGE;R24_MERCHANT_BLACKLIST;R30_BEHAVIOURAL_ANOMALY
CUST-0238,Kelly Rodriguez,94.61,CRITICAL,10,R01_LARGE_TRANSACTION;R04_CRYPTO_MERCHANT;R06_HIGH_RISK_MERCHANT;R09_PEP_CUSTOMER;R15_VPN_LOGIN;R16_FOREIGN_LOGIN;R17_DORMANT_ACCOUNT_ACTIVE;R21_LARGE_BALANCE_CHANGE;R24_MERCHANT_BLACKLIST;R30_BEHAVIOURAL_ANOMALY
CUST-0479,Jennifer Williams,94.4,CRITICAL,10,R04_CRYPTO_MERCHANT;R06_HIGH_RISK_MERCHANT;R15_VPN_LOGIN;R16_FOREIGN_LOGIN;R18_HIGH_TRANSACTION_FREQUENCY;R21_LARGE_BALANCE_CHANGE;R22_OUTSIDE_CUSTOMER_PATTERN;R24_MERCHANT_BLACKLIST;R25_EXTERNAL_FRAUD_ALERT;R27_LOCATION_MISMATCH
CUST-0226,Richard Davis,94.37,CRITICAL,11,R04_CRYPTO_MERCHANT;R06_HIGH_RISK_MERCHANT;R11_INCOMPLETE_KYC;R15_VPN_LOGIN;R16_FOREIGN_LOGIN;R21_LARGE_BALANCE_CHANGE;R22_OUTSIDE_CUSTOMER_PATTERN;R24_MERCHANT_BLACKLIST;R25_EXTERNAL_FRAUD_ALERT;R28_ACCOUNT_AGE;R30_BEHAVIOURAL_ANOMALY
CUST-0151,Elizabeth Cross,94.21,CRITICAL,11,R04_CRYPTO_MERCHANT;R06_HIGH_RISK_MERCHANT;R11_INCOMPLETE_KYC;R15_VPN_LOGIN;R16_FOREIGN_LOGIN;R18_HIGH_TRANSACTION_FREQUENCY;R22_OUTSIDE_CUSTOMER_PATTERN;R24_MERCHANT_BLACKLIST;R26_COUNTRY_RISK;R28_ACCOUNT_AGE;R30_BEHAVIOURAL_ANOMALY
CUST-0259,John Thornton,94.0,CRITICAL,10,R04_CRYPTO_MERCHANT;R06_HIGH_RISK_MERCHANT;R11_INCOMPLETE_KYC;R15_VPN_LOGIN;R16_FOREIGN_LOGIN;R21_LARGE_BALANCE_CHANGE;R22_OUTSIDE_CUSTOMER_PATTERN;R24_MERCHANT_BLACKLIST;R27_LOCATION_MISMATCH;R30_BEHAVIOURAL_ANOMALY
CUST-0321,Sheri Howard,93.24,CRITICAL,10,R04_CRYPTO_MERCHANT;R06_HIGH_RISK_MERCHANT;R11_INCOMPLETE_KYC;R15_VPN_LOGIN;R16_FOREIGN_LOGIN;R21_LARGE_BALANCE_CHANGE;R22_OUTSIDE_CUSTOMER_PATTERN;R24_MERCHANT_BLACKLIST;R27_LOCATION_MISMATCH;R30_BEHAVIOURAL_ANOMALY
CUST-0461,Matthew Watts,93.19,CRITICAL,9,R04_CRYPTO_MERCHANT;R06_HIGH_RISK_MERCHANT;R09_PEP_CUSTOMER;R15_VPN_LOGIN;R16_FOREIGN_LOGIN;R22_OUTSIDE_CUSTOMER_PATTERN;R24_MERCHANT_BLACKLIST;R25_EXTERNAL_FRAUD_ALERT;R27_LOCATION_MISMATCH
CUST-0224,Lauren Frederick,91.97,CRITICAL,9,R04_CRYPTO_MERCHANT;R06_HIGH_RISK_MERCHANT;R15_VPN_LOGIN;R16_FOREIGN_LOGIN;R22_OUTSIDE_CUSTOMER_PATTERN;R24_MERCHANT_BLACKLIST;R25_EXTERNAL_FRAUD_ALERT;R27_LOCATION_MISMATCH;R30_BEHAVIOURAL_ANOMALY
CUST-0412,Philip Lynch,88.62,CRITICAL,8,R04_CRYPTO_MERCHANT;R06_HIGH_RISK_MERCHANT;R11_INCOMPLETE_KYC;R15_VPN_LOGIN;R16_FOREIGN_LOGIN;R22_OUTSIDE_CUSTOMER_PATTERN;R24_MERCHANT_BLACKLIST;R25_EXTERNAL_FRAUD_ALERT
CUST-0451,Andrea Schaefer,86.81,CRITICAL,7,R04_CRYPTO_MERCHANT;R06_HIGH_RISK_MERCHANT;R15_VPN_LOGIN;R16_FOREIGN_LOGIN;R22_OUTSIDE_CUSTOMER_PATTERN;R24_MERCHANT_BLACKLIST;R27_LOCATION_MISMATCH
CUST-0423,Megan Hernandez,82.92,CRITICAL,5,R06_HIGH_RISK_MERCHANT;R08_AML_WATCHLIST;R18_HIGH_TRANSACTION_FREQUENCY;R22_OUTSIDE_CUSTOMER_PATTERN;R26_COUNTRY_RISK
CUST-0148,Anthony Wilson,82.12,CRITICAL,6,R04_CRYPTO_MERCHANT;R06_HIGH_RISK_MERCHANT;R15_VPN_LOGIN;R16_FOREIGN_LOGIN;R18_HIGH_TRANSACTION_FREQUENCY;R24_MERCHANT_BLACKLIST
CUST-0483,Meagan Young,81.4,CRITICAL,6,R06_HIGH_RISK_MERCHANT;R15_VPN_LOGIN;R18_HIGH_TRANSACTION_FREQUENCY;R22_OUTSIDE_CUSTOMER_PATTERN;R25_EXTERNAL_FRAUD_ALERT;R26_COUNTRY_RISK
CUST-0378,Alejandro Hess,81.3,CRITICAL,6,R06_HIGH_RISK_MERCHANT;R15_VPN_LOGIN;R18_HIGH_TRANSACTION_FREQUENCY;R22_OUTSIDE_CUSTOMER_PATTERN;R25_EXTERNAL_FRAUD_ALERT;R26_COUNTRY_RISK
CUST-0087,Johnathan Garcia,78.25,CRITICAL,5,R06_HIGH_RISK_MERCHANT;R18_HIGH_TRANSACTION_FREQUENCY;R22_OUTSIDE_CUSTOMER_PATTERN;R25_EXTERNAL_FRAUD_ALERT;R26_COUNTRY_RISK
CUST-0168,James Scott,76.05,CRITICAL,5,R06_HIGH_RISK_MERCHANT;R15_VPN_LOGIN;R21_LARGE_BALANCE_CHANGE;R22_OUTSIDE_CUSTOMER_PATTERN;R26_COUNTRY_RISK
CUST-0426,Brent Ballard,75.21,CRITICAL,5,R06_HIGH_RISK_MERCHANT;R15_VPN_LOGIN;R22_OUTSIDE_CUSTOMER_PATTERN;R26_COUNTRY_RISK;R27_LOCATION_MISMATCH
CUST-0222,Michelle Davis,75.13,CRITICAL,5,R06_HIGH_RISK_MERCHANT;R15_VPN_LOGIN;R18_HIGH_TRANSACTION_FREQUENCY;R21_LARGE_BALANCE_CHANGE;R22_OUTSIDE_CUSTOMER_PATTERN
CUST-0161,Kelsey Ramirez,73.93,CRITICAL,5,R06_HIGH_RISK_MERCHANT;R15_VPN_LOGIN;R18_HIGH_TRANSACTION_FREQUENCY;R22_OUTSIDE_CUSTOMER_PATTERN;R26_COUNTRY_RISK
CUST-0441,Kevin Williams,73.53,CRITICAL,5,R06_HIGH_RISK_MERCHANT;R15_VPN_LOGIN;R18_HIGH_TRANSACTION_FREQUENCY;R22_OUTSIDE_CUSTOMER_PATTERN;R26_COUNTRY_RISK
CUST-0116,Jennifer Lee,73.03,CRITICAL,4,R06_HIGH_RISK_MERCHANT;R21_LARGE_BALANCE_CHANGE;R22_OUTSIDE_CUSTOMER_PATTERN;R25_EXTERNAL_FRAUD_ALERT
CUST-0099,Rachel Harris,70.0,HIGH,3,R06_HIGH_RISK_MERCHANT;R08_AML_WATCHLIST;R15_VPN_LOGIN
CUST-0469,Joshua Garcia,70.0,HIGH,4,R06_HIGH_RISK_MERCHANT;R22_OUTSIDE_CUSTOMER_PATTERN;R25_EXTERNAL_FRAUD_ALERT;R26_COUNTRY_RISK
CUST-0500,Richard Robinson,70.0,HIGH,4,R06_HIGH_RISK_MERCHANT;R21_LARGE_BALANCE_CHANGE;R22_OUTSIDE_CUSTOMER_PATTERN;R26_COUNTRY_RISK
CUST-0474,Ricky Allen,70.0,HIGH,4,R06_HIGH_RISK_MERCHANT;R22_OUTSIDE_CUSTOMER_PATTERN;R26_COUNTRY_RISK;R27_LOCATION_MISMATCH
CUST-0375,Teresa Newman,70.0,HIGH,4,R06_HIGH_RISK_MERCHANT;R18_HIGH_TRANSACTION_FREQUENCY;R22_OUTSIDE_CUSTOMER_PATTERN;R27_LOCATION_MISMATCH
CUST-0465,David Baker,65.0,HIGH,4,R06_HIGH_RISK_MERCHANT;R15_VPN_LOGIN;R22_OUTSIDE_CUSTOMER_PATTERN;R27_LOCATION_MISMATCH
CUST-0060,Nancy Marshall,65.0,HIGH,4,R06_HIGH_RISK_MERCHANT;R18_HIGH_TRANSACTION_FREQUENCY;R22_OUTSIDE_CUSTOMER_PATTERN;R26_COUNTRY_RISK
CUST-0373,Elizabeth Jackson,65.0,HIGH,4,R06_HIGH_RISK_MERCHANT;R18_HIGH_TRANSACTION_FREQUENCY;R22_OUTSIDE_CUSTOMER_PATTERN;R26_COUNTRY_RISK
CUST-0417,Jennifer Houston,65.0,HIGH,4,R06_HIGH_RISK_MERCHANT;R15_VPN_LOGIN;R22_OUTSIDE_CUSTOMER_PATTERN;R25_EXTERNAL_FRAUD_ALERT
CUST-0318,Andrew Frank,65.0,HIGH,4,R06_HIGH_RISK_MERCHANT;R15_VPN_LOGIN;R22_OUTSIDE_CUSTOMER_PATTERN;R25_EXTERNAL_FRAUD_ALERT
CUST-0324,Terry Henderson,65.0,HIGH,4,R06_HIGH_RISK_MERCHANT;R18_HIGH_TRANSACTION_FREQUENCY;R22_OUTSIDE_CUSTOMER_PATTERN;R26_COUNTRY_RISK
CUST-0265,Brittany Rice,65.0,HIGH,4,R06_HIGH_RISK_MERCHANT;R18_HIGH_TRANSACTION_FREQUENCY;R22_OUTSIDE_CUSTOMER_PATTERN;R26_COUNTRY_RISK
CUST-0134,Ronald Weber,65.0,HIGH,4,R06_HIGH_RISK_MERCHANT;R15_VPN_LOGIN;R22_OUTSIDE_CUSTOMER_PATTERN;R27_LOCATION_MISMATCH
CUST-0065,Miguel Garcia,60.0,HIGH,2,R06_HIGH_RISK_MERCHANT;R08_AML_WATCHLIST
CUST-0372,Susan Simpson MD,60.0,HIGH,4,R06_HIGH_RISK_MERCHANT;R15_VPN_LOGIN;R18_HIGH_TRANSACTION_FREQUENCY;R22_OUTSIDE_CUSTOMER_PATTERN
CUST-0186,Karen Brown,60.0,HIGH,4,R06_HIGH_RISK_MERCHANT;R15_VPN_LOGIN;R18_HIGH_TRANSACTION_FREQUENCY;R22_OUTSIDE_CUSTOMER_PATTERN
CUST-0138,Jaime Hunter,60.0,HIGH,3,R06_HIGH_RISK_MERCHANT;R09_PEP_CUSTOMER;R22_OUTSIDE_CUSTOMER_PATTERN
CUST-0118,Andrew Parker,60.0,HIGH,4,R06_HIGH_RISK_MERCHANT;R15_VPN_LOGIN;R22_OUTSIDE_CUSTOMER_PATTERN;R26_COUNTRY_RISK
CUST-0274,Robert Espinoza,60.0,HIGH,4,R06_HIGH_RISK_MERCHANT;R15_VPN_LOGIN;R22_OUTSIDE_CUSTOMER_PATTERN;R26_COUNTRY_RISK
CUST-0300,Robert Mcdonald,60.0,HIGH,4,R06_HIGH_RISK_MERCHANT;R15_VPN_LOGIN;R18_HIGH_TRANSACTION_FREQUENCY;R22_OUTSIDE_CUSTOMER_PATTERN
CUST-0258,Jade Salazar,60.0,HIGH,2,R06_HIGH_RISK_MERCHANT;R08_AML_WATCHLIST
CUST-0010,Megan Davis,60.0,HIGH,4,R06_HIGH_RISK_MERCHANT;R15_VPN_LOGIN;R18_HIGH_TRANSACTION_FREQUENCY;R22_OUTSIDE_CUSTOMER_PATTERN
CUST-0267,Jason Sanchez,60.0,HIGH,4,R06_HIGH_RISK_MERCHANT;R15_VPN_LOGIN;R18_HIGH_TRANSACTION_FREQUENCY;R22_OUTSIDE_CUSTOMER_PATTERN
CUST-0384,Cathy Brown,55.0,HIGH,3,R06_HIGH_RISK_MERCHANT;R21_LARGE_BALANCE_CHANGE;R22_OUTSIDE_CUSTOMER_PATTERN
CUST-0053,Marcus Burke,55.0,HIGH,3,R06_HIGH_RISK_MERCHANT;R22_OUTSIDE_CUSTOMER_PATTERN;R27_LOCATION_MISMATCH
CUST-0056,Kevin Baird,55.0,HIGH,3,R06_HIGH_RISK_MERCHANT;R21_LARGE_BALANCE_CHANGE;R22_OUTSIDE_CUSTOMER_PATTERN
CUST-0063,Stephen Anderson,55.0,HIGH,3,R06_HIGH_RISK_MERCHANT;R22_OUTSIDE_CUSTOMER_PATTERN;R27_LOCATION_MISMATCH
CUST-0411,Aaron Morris,50.0,HIGH,3,R06_HIGH_RISK_MERCHANT;R22_OUTSIDE_CUSTOMER_PATTERN;R26_COUNTRY_RISK
CUST-0381,Julia Gould,50.0,HIGH,3,R06_HIGH_RISK_MERCHANT;R22_OUTSIDE_CUSTOMER_PATTERN;R26_COUNTRY_RISK
CUST-0407,Kevin Gonzalez,50.0,HIGH,3,R06_HIGH_RISK_MERCHANT;R22_OUTSIDE_CUSTOMER_PATTERN;R26_COUNTRY_RISK
CUST-0470,William Turner,50.0,HIGH,3,R06_HIGH_RISK_MERCHANT;R22_OUTSIDE_CUSTOMER_PATTERN;R26_COUNTRY_RISK
CUST-0024,Rachel Gonzalez,50.0,HIGH,3,R06_HIGH_RISK_MERCHANT;R18_HIGH_TRANSACTION_FREQUENCY;R22_OUTSIDE_CUSTOMER_PATTERN
CUST-0450,Megan Mata,50.0,HIGH,3,R06_HIGH_RISK_MERCHANT;R22_OUTSIDE_CUSTOMER_PATTERN;R26_COUNTRY_RISK
CUST-0495,Andrea Davis,50.0,HIGH,3,R06_HIGH_RISK_MERCHANT;R22_OUTSIDE_CUSTOMER_PATTERN;R26_COUNTRY_RISK
CUST-0346,Michael Robinson,50.0,HIGH,3,R06_HIGH_RISK_MERCHANT;R22_OUTSIDE_CUSTOMER_PATTERN;R26_COUNTRY_RISK
CUST-0140,Stephanie Bird,50.0,HIGH,3,R06_HIGH_RISK_MERCHANT;R22_OUTSIDE_CUSTOMER_PATTERN;R26_COUNTRY_RISK
CUST-0175,Kenneth Johnson,50.0,HIGH,3,R06_HIGH_RISK_MERCHANT;R22_OUTSIDE_CUSTOMER_PATTERN;R26_COUNTRY_RISK
CUST-0255,Kellie Douglas,50.0,HIGH,3,R06_HIGH_RISK_MERCHANT;R22_OUTSIDE_CUSTOMER_PATTERN;R26_COUNTRY_RISK
CUST-0017,Betty Farley,50.0,HIGH,3,R06_HIGH_RISK_MERCHANT;R22_OUTSIDE_CUSTOMER_PATTERN;R26_COUNTRY_RISK
CUST-0178,Lisa Greer,50.0,HIGH,3,R06_HIGH_RISK_MERCHANT;R18_HIGH_TRANSACTION_FREQUENCY;R22_OUTSIDE_CUSTOMER_PATTERN
CUST-0166,Michael Huber,50.0,HIGH,3,R06_HIGH_RISK_MERCHANT;R22_OUTSIDE_CUSTOMER_PATTERN;R26_COUNTRY_RISK
CUST-0326,Daniel Newman,50.0,HIGH,3,R06_HIGH_RISK_MERCHANT;R18_HIGH_TRANSACTION_FREQUENCY;R22_OUTSIDE_CUSTOMER_PATTERN
CUST-0071,Jeffrey Shaw,50.0,HIGH,3,R06_HIGH_RISK_MERCHANT;R18_HIGH_TRANSACTION_FREQUENCY;R22_OUTSIDE_CUSTOMER_PATTERN
CUST-0410,Tamara Casey,50.0,HIGH,3,R06_HIGH_RISK_MERCHANT;R18_HIGH_TRANSACTION_FREQUENCY;R22_OUTSIDE_CUSTOMER_PATTERN
CUST-0446,Laurie Caldwell,50.0,HIGH,2,R08_AML_WATCHLIST;R15_VPN_LOGIN
CUST-0443,Michelle Hale,45.0,HIGH,3,R06_HIGH_RISK_MERCHANT;R15_VPN_LOGIN;R22_OUTSIDE_CUSTOMER_PATTERN
CUST-0188,Lisa Fischer,45.0,HIGH,3,R06_HIGH_RISK_MERCHANT;R15_VPN_LOGIN;R18_HIGH_TRANSACTION_FREQUENCY
CUST-0445,Jose Ruiz,45.0,HIGH,3,R06_HIGH_RISK_MERCHANT;R15_VPN_LOGIN;R22_OUTSIDE_CUSTOMER_PATTERN
CUST-0449,Laurie Mccall,45.0,HIGH,3,R06_HIGH_RISK_MERCHANT;R15_VPN_LOGIN;R22_OUTSIDE_CUSTOMER_PATTERN
CUST-0006,Christopher Dorsey,45.0,HIGH,2,R06_HIGH_RISK_MERCHANT;R09_PEP_CUSTOMER
CUST-0231,Shelby Nichols,45.0,HIGH,3,R06_HIGH_RISK_MERCHANT;R15_VPN_LOGIN;R22_OUTSIDE_CUSTOMER_PATTERN
CUST-0201,Jennifer Fuller,45.0,HIGH,3,R06_HIGH_RISK_MERCHANT;R15_VPN_LOGIN;R18_HIGH_TRANSACTION_FREQUENCY
CUST-0263,Thomas Nichols,45.0,HIGH,3,R06_HIGH_RISK_MERCHANT;R15_VPN_LOGIN;R18_HIGH_TRANSACTION_FREQUENCY
CUST-0268,Jonathan Williams,45.0,HIGH,3,R06_HIGH_RISK_MERCHANT;R15_VPN_LOGIN;R22_OUTSIDE_CUSTOMER_PATTERN
CUST-0285,Sean Roberts,45.0,HIGH,2,R06_HIGH_RISK_MERCHANT;R09_PEP_CUSTOMER
CUST-0130,Stacey Hall,45.0,HIGH,3,R06_HIGH_RISK_MERCHANT;R15_VPN_LOGIN;R18_HIGH_TRANSACTION_FREQUENCY
CUST-0350,Johnny Cooper,45.0,HIGH,3,R06_HIGH_RISK_MERCHANT;R15_VPN_LOGIN;R18_HIGH_TRANSACTION_FREQUENCY
CUST-0293,Molly Dalton,40.0,MEDIUM,3,R06_HIGH_RISK_MERCHANT;R12_NEW_DEVICE_LOGIN;R15_VPN_LOGIN
CUST-0181,Rebecca Kennedy,35.0,MEDIUM,2,R06_HIGH_RISK_MERCHANT;R18_HIGH_TRANSACTION_FREQUENCY
CUST-0200,David Robinson,35.0,MEDIUM,2,R06_HIGH_RISK_MERCHANT;R18_HIGH_TRANSACTION_FREQUENCY
CUST-0492,Alicia Hoffman,35.0,MEDIUM,2,R06_HIGH_RISK_MERCHANT;R18_HIGH_TRANSACTION_FREQUENCY
CUST-0236,Allen Stephens II,35.0,MEDIUM,2,R06_HIGH_RISK_MERCHANT;R18_HIGH_TRANSACTION_FREQUENCY
CUST-0237,Heather Gray,35.0,MEDIUM,2,R06_HIGH_RISK_MERCHANT;R22_OUTSIDE_CUSTOMER_PATTERN
CUST-0007,Alison Hernandez,35.0,MEDIUM,2,R06_HIGH_RISK_MERCHANT;R18_HIGH_TRANSACTION_FREQUENCY
CUST-0485,Frederick Mejia,35.0,MEDIUM,2,R06_HIGH_RISK_MERCHANT;R18_HIGH_TRANSACTION_FREQUENCY
CUST-0464,Allison Wolfe DDS,35.0,MEDIUM,2,R06_HIGH_RISK_MERCHANT;R18_HIGH_TRANSACTION_FREQUENCY
CUST-0042,Vincent Baker,35.0,MEDIUM,2,R06_HIGH_RISK_MERCHANT;R22_OUTSIDE_CUSTOMER_PATTERN
CUST-0376,Danielle Rivera,35.0,MEDIUM,2,R06_HIGH_RISK_MERCHANT;R22_OUTSIDE_CUSTOMER_PATTERN
CUST-0452,Chelsea Cross,35.0,MEDIUM,2,R06_HIGH_RISK_MERCHANT;R18_HIGH_TRANSACTION_FREQUENCY
CUST-0481,Deanna Evans,35.0,MEDIUM,2,R06_HIGH_RISK_MERCHANT;R18_HIGH_TRANSACTION_FREQUENCY
CUST-0471,Denise Cooper,35.0,MEDIUM,2,R06_HIGH_RISK_MERCHANT;R18_HIGH_TRANSACTION_FREQUENCY
CUST-0033,Andrew Stanley,35.0,MEDIUM,2,R06_HIGH_RISK_MERCHANT;R26_COUNTRY_RISK
CUST-0032,Andrew Robinson,35.0,MEDIUM,2,R06_HIGH_RISK_MERCHANT;R18_HIGH_TRANSACTION_FREQUENCY
CUST-0396,Laura Summers DVM,35.0,MEDIUM,2,R06_HIGH_RISK_MERCHANT;R18_HIGH_TRANSACTION_FREQUENCY
CUST-0415,Jennifer Parks,35.0,MEDIUM,2,R06_HIGH_RISK_MERCHANT;R18_HIGH_TRANSACTION_FREQUENCY
CUST-0165,Jessica Cunningham,35.0,MEDIUM,2,R06_HIGH_RISK_MERCHANT;R18_HIGH_TRANSACTION_FREQUENCY
CUST-0271,Jennifer Dickerson,35.0,MEDIUM,2,R06_HIGH_RISK_MERCHANT;R18_HIGH_TRANSACTION_FREQUENCY
CUST-0180,Marc Huff,35.0,MEDIUM,2,R09_PEP_CUSTOMER;R15_VPN_LOGIN
CUST-0208,Jason Howard,35.0,MEDIUM,2,R06_HIGH_RISK_MERCHANT;R18_HIGH_TRANSACTION_FREQUENCY
CUST-0249,Crystal Thomas,35.0,MEDIUM,2,R06_HIGH_RISK_MERCHANT;R18_HIGH_TRANSACTION_FREQUENCY
CUST-0484,Annette Martinez,35.0,MEDIUM,2,R06_HIGH_RISK_MERCHANT;R18_HIGH_TRANSACTION_FREQUENCY
CUST-0241,Kenneth Patrick,35.0,MEDIUM,2,R06_HIGH_RISK_MERCHANT;R22_OUTSIDE_CUSTOMER_PATTERN
CUST-0157,Stephanie Anderson,35.0,MEDIUM,2,R06_HIGH_RISK_MERCHANT;R18_HIGH_TRANSACTION_FREQUENCY
CUST-0306,Katelyn Garcia,35.0,MEDIUM,2,R06_HIGH_RISK_MERCHANT;R22_OUTSIDE_CUSTOMER_PATTERN
CUST-0349,James Castillo,35.0,MEDIUM,2,R06_HIGH_RISK_MERCHANT;R18_HIGH_TRANSACTION_FREQUENCY
CUST-0337,Jennifer Swanson,35.0,MEDIUM,2,R06_HIGH_RISK_MERCHANT;R18_HIGH_TRANSACTION_FREQUENCY
CUST-0428,William Anderson,35.0,MEDIUM,2,R06_HIGH_RISK_MERCHANT;R18_HIGH_TRANSACTION_FREQUENCY
CUST-0079,Taylor Simon,35.0,MEDIUM,2,R06_HIGH_RISK_MERCHANT;R18_HIGH_TRANSACTION_FREQUENCY
CUST-0432,Adam Valenzuela,35.0,MEDIUM,2,R06_HIGH_RISK_MERCHANT;R22_OUTSIDE_CUSTOMER_PATTERN
CUST-0392,Aaron Potter,35.0,MEDIUM,2,R06_HIGH_RISK_MERCHANT;R18_HIGH_TRANSACTION_FREQUENCY
CUST-0380,Joseph Anderson,35.0,MEDIUM,2,R06_HIGH_RISK_MERCHANT;R22_OUTSIDE_CUSTOMER_PATTERN
CUST-0068,Thomas Baker,35.0,MEDIUM,2,R06_HIGH_RISK_MERCHANT;R22_OUTSIDE_CUSTOMER_PATTERN
CUST-0050,Michael Davies,35.0,MEDIUM,2,R06_HIGH_RISK_MERCHANT;R18_HIGH_TRANSACTION_FREQUENCY
CUST-0439,Daryl Mcgrath,35.0,MEDIUM,2,R06_HIGH_RISK_MERCHANT;R22_OUTSIDE_CUSTOMER_PATTERN
CUST-0435,Phillip Wang,35.0,MEDIUM,2,R06_HIGH_RISK_MERCHANT;R26_COUNTRY_RISK
CUST-0433,Sara Lee,35.0,MEDIUM,2,R06_HIGH_RISK_MERCHANT;R18_HIGH_TRANSACTION_FREQUENCY
CUST-0085,Autumn Leblanc,35.0,MEDIUM,2,R06_HIGH_RISK_MERCHANT;R18_HIGH_TRANSACTION_FREQUENCY
CUST-0282,Kevin Gill,35.0,MEDIUM,2,R06_HIGH_RISK_MERCHANT;R22_OUTSIDE_CUSTOMER_PATTERN
CUST-0348,Jamie Larson,35.0,MEDIUM,2,R06_HIGH_RISK_MERCHANT;R18_HIGH_TRANSACTION_FREQUENCY
CUST-0115,Kelly Diaz,35.0,MEDIUM,2,R06_HIGH_RISK_MERCHANT;R18_HIGH_TRANSACTION_FREQUENCY
CUST-0156,Morgan Obrien,35.0,MEDIUM,2,R06_HIGH_RISK_MERCHANT;R18_HIGH_TRANSACTION_FREQUENCY
CUST-0127,Dillon Ray,35.0,MEDIUM,2,R06_HIGH_RISK_MERCHANT;R18_HIGH_TRANSACTION_FREQUENCY
CUST-0340,Mitchell Adkins,35.0,MEDIUM,2,R06_HIGH_RISK_MERCHANT;R18_HIGH_TRANSACTION_FREQUENCY
CUST-0341,Robert Wade,35.0,MEDIUM,2,R06_HIGH_RISK_MERCHANT;R18_HIGH_TRANSACTION_FREQUENCY
CUST-0347,Jeffrey Rice,35.0,MEDIUM,2,R06_HIGH_RISK_MERCHANT;R18_HIGH_TRANSACTION_FREQUENCY
CUST-0248,Aaron Roberts,35.0,MEDIUM,2,R06_HIGH_RISK_MERCHANT;R22_OUTSIDE_CUSTOMER_PATTERN
CUST-0110,Dawn Miller,30.0,MEDIUM,2,R06_HIGH_RISK_MERCHANT;R15_VPN_LOGIN
CUST-0388,Ryan Ortega,30.0,MEDIUM,2,R06_HIGH_RISK_MERCHANT;R15_VPN_LOGIN
CUST-0390,Miss Michelle Carpenter,30.0,MEDIUM,2,R06_HIGH_RISK_MERCHANT;R15_VPN_LOGIN
CUST-0403,Lisa Serrano,30.0,MEDIUM,2,R06_HIGH_RISK_MERCHANT;R15_VPN_LOGIN
CUST-0113,Crystal Ross,30.0,MEDIUM,2,R06_HIGH_RISK_MERCHANT;R12_NEW_DEVICE_LOGIN
CUST-0427,Jason Garcia,30.0,MEDIUM,2,R06_HIGH_RISK_MERCHANT;R15_VPN_LOGIN
CUST-0034,Darryl Parks,30.0,MEDIUM,2,R06_HIGH_RISK_MERCHANT;R15_VPN_LOGIN
CUST-0462,Lisa Frazier,30.0,MEDIUM,2,R06_HIGH_RISK_MERCHANT;R15_VPN_LOGIN
CUST-0019,Nathan Morales,30.0,MEDIUM,2,R06_HIGH_RISK_MERCHANT;R15_VPN_LOGIN
CUST-0466,Anthony Thomas,30.0,MEDIUM,2,R06_HIGH_RISK_MERCHANT;R12_NEW_DEVICE_LOGIN
CUST-0480,Dustin Preston,30.0,MEDIUM,2,R06_HIGH_RISK_MERCHANT;R15_VPN_LOGIN
CUST-0040,Dominique Meyers,30.0,MEDIUM,2,R06_HIGH_RISK_MERCHANT;R15_VPN_LOGIN
CUST-0090,Deborah Gonzalez,30.0,MEDIUM,2,R06_HIGH_RISK_MERCHANT;R15_VPN_LOGIN
CUST-0083,Ricky Evans,30.0,MEDIUM,2,R06_HIGH_RISK_MERCHANT;R12_NEW_DEVICE_LOGIN
CUST-0399,Carly Mcdonald,30.0,MEDIUM,2,R06_HIGH_RISK_MERCHANT;R15_VPN_LOGIN
CUST-0409,Lauren Cole,30.0,MEDIUM,2,R06_HIGH_RISK_MERCHANT;R15_VPN_LOGIN
CUST-0408,Kelly Garza,30.0,MEDIUM,2,R06_HIGH_RISK_MERCHANT;R15_VPN_LOGIN
CUST-0436,Carol Ray,30.0,MEDIUM,2,R06_HIGH_RISK_MERCHANT;R15_VPN_LOGIN
CUST-0438,Ryan Hines,30.0,MEDIUM,2,R06_HIGH_RISK_MERCHANT;R15_VPN_LOGIN
CUST-0058,Bryan Taylor,30.0,MEDIUM,2,R06_HIGH_RISK_MERCHANT;R15_VPN_LOGIN
CUST-0437,Christina Keller,30.0,MEDIUM,2,R06_HIGH_RISK_MERCHANT;R15_VPN_LOGIN
CUST-0129,Michael Stevens,30.0,MEDIUM,2,R06_HIGH_RISK_MERCHANT;R15_VPN_LOGIN
CUST-0359,Tammy Walton,30.0,MEDIUM,2,R06_HIGH_RISK_MERCHANT;R12_NEW_DEVICE_LOGIN
CUST-0280,Brandon Jackson,30.0,MEDIUM,2,R06_HIGH_RISK_MERCHANT;R15_VPN_LOGIN
CUST-0298,April Marsh,30.0,MEDIUM,2,R06_HIGH_RISK_MERCHANT;R15_VPN_LOGIN
CUST-0292,Nancy Jones,30.0,MEDIUM,2,R06_HIGH_RISK_MERCHANT;R15_VPN_LOGIN
CUST-0283,Stephen Floyd,30.0,MEDIUM,2,R06_HIGH_RISK_MERCHANT;R12_NEW_DEVICE_LOGIN
CUST-0320,Mary Davis,30.0,MEDIUM,2,R06_HIGH_RISK_MERCHANT;R15_VPN_LOGIN
CUST-0328,Tiffany Carter,30.0,MEDIUM,2,R06_HIGH_RISK_MERCHANT;R15_VPN_LOGIN
CUST-0152,Jacqueline Oconnor,30.0,MEDIUM,2,R06_HIGH_RISK_MERCHANT;R12_NEW_DEVICE_LOGIN
CUST-0150,Alicia Ibarra,30.0,MEDIUM,2,R06_HIGH_RISK_MERCHANT;R15_VPN_LOGIN
CUST-0352,Christie Hernandez,30.0,MEDIUM,2,R06_HIGH_RISK_MERCHANT;R15_VPN_LOGIN
CUST-0120,Barbara Daniels,30.0,MEDIUM,2,R06_HIGH_RISK_MERCHANT;R15_VPN_LOGIN
CUST-0125,Lance Franco,30.0,MEDIUM,2,R06_HIGH_RISK_MERCHANT;R15_VPN_LOGIN
CUST-0101,Logan Robinson,30.0,MEDIUM,2,R06_HIGH_RISK_MERCHANT;R15_VPN_LOGIN
CUST-0361,Brittany Barr,30.0,MEDIUM,2,R06_HIGH_RISK_MERCHANT;R15_VPN_LOGIN
CUST-0345,John Washington,30.0,MEDIUM,2,R06_HIGH_RISK_MERCHANT;R15_VPN_LOGIN
CUST-0139,Richard Edwards,30.0,MEDIUM,2,R06_HIGH_RISK_MERCHANT;R15_VPN_LOGIN
CUST-0133,Kathryn White,30.0,MEDIUM,2,R06_HIGH_RISK_MERCHANT;R15_VPN_LOGIN
CUST-0356,Tyler Cabrera,30.0,MEDIUM,2,R06_HIGH_RISK_MERCHANT;R15_VPN_LOGIN
CUST-0194,Patricia Moore,30.0,MEDIUM,2,R06_HIGH_RISK_MERCHANT;R15_VPN_LOGIN
CUST-0252,Daniel Campbell,30.0,MEDIUM,2,R06_HIGH_RISK_MERCHANT;R15_VPN_LOGIN
CUST-0189,Brenda Zavala,30.0,MEDIUM,2,R06_HIGH_RISK_MERCHANT;R15_VPN_LOGIN
CUST-0270,Sabrina Snyder,30.0,MEDIUM,2,R06_HIGH_RISK_MERCHANT;R15_VPN_LOGIN
CUST-0172,Elizabeth Brandt,30.0,MEDIUM,2,R06_HIGH_RISK_MERCHANT;R15_VPN_LOGIN
CUST-0266,Tammy Brown,30.0,MEDIUM,2,R06_HIGH_RISK_MERCHANT;R15_VPN_LOGIN
CUST-0243,Ian Smith,30.0,MEDIUM,2,R06_HIGH_RISK_MERCHANT;R15_VPN_LOGIN
CUST-0211,Jennifer Odonnell,30.0,MEDIUM,2,R06_HIGH_RISK_MERCHANT;R15_VPN_LOGIN
CUST-0212,Kelsey Frank,30.0,MEDIUM,2,R06_HIGH_RISK_MERCHANT;R12_NEW_DEVICE_LOGIN
CUST-0230,Patricia Martin MD,30.0,MEDIUM,2,R06_HIGH_RISK_MERCHANT;R15_VPN_LOGIN
CUST-0235,Tanya Wagner,30.0,MEDIUM,2,R06_HIGH_RISK_MERCHANT;R15_VPN_LOGIN
CUST-0489,Felicia Wilson MD,30.0,MEDIUM,2,R06_HIGH_RISK_MERCHANT;R15_VPN_LOGIN
CUST-0491,Michele White,30.0,MEDIUM,2,R06_HIGH_RISK_MERCHANT;R15_VPN_LOGIN
CUST-0493,Alexis Gay,30.0,MEDIUM,2,R06_HIGH_RISK_MERCHANT;R15_VPN_LOGIN
CUST-0482,Courtney Johnson,30.0,MEDIUM,2,R06_HIGH_RISK_MERCHANT;R15_VPN_LOGIN
CUST-0210,Jillian Matthews,25.0,MEDIUM,1,R09_PEP_CUSTOMER
CUST-0001,Tonya Rose,20.0,LOW,1,R06_HIGH_RISK_MERCHANT
CUST-0498,Amy Ortiz,20.0,LOW,1,R06_HIGH_RISK_MERCHANT
CUST-0477,Kevin Fleming,20.0,LOW,1,R06_HIGH_RISK_MERCHANT
CUST-0018,Jake Schultz,20.0,LOW,1,R06_HIGH_RISK_MERCHANT
CUST-0499,Mrs. Jennifer Grant,20.0,LOW,1,R06_HIGH_RISK_MERCHANT
CUST-0459,Angela Lewis,20.0,LOW,1,R06_HIGH_RISK_MERCHANT
CUST-0457,Monica Gardner,20.0,LOW,1,R06_HIGH_RISK_MERCHANT
CUST-0455,Christian Watts,20.0,LOW,1,R06_HIGH_RISK_MERCHANT
CUST-0044,Luke Novak,20.0,LOW,1,R06_HIGH_RISK_MERCHANT
CUST-0043,Brenda Stuart,20.0,LOW,1,R06_HIGH_RISK_MERCHANT
CUST-0041,William Hernandez,20.0,LOW,1,R06_HIGH_RISK_MERCHANT
CUST-0245,Mary Mann,20.0,LOW,1,R06_HIGH_RISK_MERCHANT
CUST-0460,Monica Brown,20.0,LOW,1,R06_HIGH_RISK_MERCHANT
CUST-0233,Kenneth Williams,20.0,LOW,1,R06_HIGH_RISK_MERCHANT
CUST-0229,Jose Barnes,20.0,LOW,1,R06_HIGH_RISK_MERCHANT
CUST-0227,Ruth Shaffer,20.0,LOW,1,R06_HIGH_RISK_MERCHANT
CUST-0225,Jerry Walker,20.0,LOW,1,R06_HIGH_RISK_MERCHANT
CUST-0223,Nancy Thompson,20.0,LOW,1,R06_HIGH_RISK_MERCHANT
CUST-0221,Kurt Kelly,20.0,LOW,1,R06_HIGH_RISK_MERCHANT
CUST-0219,Jason Ashley,20.0,LOW,1,R06_HIGH_RISK_MERCHANT
CUST-0217,Troy Keller,20.0,LOW,1,R06_HIGH_RISK_MERCHANT
CUST-0206,Danielle Huang,20.0,LOW,1,R06_HIGH_RISK_MERCHANT
CUST-0205,Samantha Smith,20.0,LOW,1,R06_HIGH_RISK_MERCHANT
CUST-0204,Carlos Soto,20.0,LOW,1,R06_HIGH_RISK_MERCHANT
CUST-0203,Miss Ashley Hicks MD,20.0,LOW,1,R06_HIGH_RISK_MERCHANT
CUST-0197,Stephanie Bryan,20.0,LOW,1,R06_HIGH_RISK_MERCHANT
CUST-0196,Samuel Mendoza,20.0,LOW,1,R06_HIGH_RISK_MERCHANT
CUST-0257,Ashley Gilbert,20.0,LOW,1,R06_HIGH_RISK_MERCHANT
CUST-0240,Nichole Perkins,20.0,LOW,1,R06_HIGH_RISK_MERCHANT
CUST-0253,Nathaniel Fernandez,20.0,LOW,1,R06_HIGH_RISK_MERCHANT
CUST-0251,Tracy Garcia,20.0,LOW,1,R06_HIGH_RISK_MERCHANT
CUST-0250,Randy Mann,20.0,LOW,1,R06_HIGH_RISK_MERCHANT
CUST-0247,Jon Williams,20.0,LOW,1,R06_HIGH_RISK_MERCHANT
CUST-0246,Ariel Miller,20.0,LOW,1,R06_HIGH_RISK_MERCHANT
CUST-0037,Leslie Lee,20.0,LOW,1,R06_HIGH_RISK_MERCHANT
CUST-0036,Roy Martin,20.0,LOW,1,R06_HIGH_RISK_MERCHANT
CUST-0035,Anthony Mcbride,20.0,LOW,1,R06_HIGH_RISK_MERCHANT
CUST-0444,Sandra Andersen,20.0,LOW,1,R06_HIGH_RISK_MERCHANT
CUST-0442,Sarah Webb,20.0,LOW,1,R06_HIGH_RISK_MERCHANT
CUST-0440,Patricia Lopez,20.0,LOW,1,R06_HIGH_RISK_MERCHANT
CUST-0434,Donna Erickson,20.0,LOW,1,R06_HIGH_RISK_MERCHANT
CUST-0064,Dakota Thomas,20.0,LOW,1,R06_HIGH_RISK_MERCHANT
CUST-0061,Heather Quinn,20.0,LOW,1,R06_HIGH_RISK_MERCHANT
CUST-0059,Melanie Ballard,20.0,LOW,1,R06_HIGH_RISK_MERCHANT
CUST-0057,Jacqueline Hill,20.0,LOW,1,R06_HIGH_RISK_MERCHANT
CUST-0055,Jorge Wilson,20.0,LOW,1,R06_HIGH_RISK_MERCHANT
CUST-0054,Tracey Shaw,20.0,LOW,1,R06_HIGH_RISK_MERCHANT
CUST-0273,Mark Williams,20.0,LOW,1,R06_HIGH_RISK_MERCHANT
CUST-0272,Jeffrey Calderon,20.0,LOW,1,R06_HIGH_RISK_MERCHANT
CUST-0269,Jennifer Peters,20.0,LOW,1,R06_HIGH_RISK_MERCHANT
CUST-0264,Kevin Nguyen,20.0,LOW,1,R06_HIGH_RISK_MERCHANT
CUST-0261,Jill Hayes,20.0,LOW,1,R06_HIGH_RISK_MERCHANT
CUST-0193,Mark Schneider,20.0,LOW,1,R06_HIGH_RISK_MERCHANT
CUST-0192,Tiffany Williams MD,20.0,LOW,1,R06_HIGH_RISK_MERCHANT
CUST-0191,Marie Kim MD,20.0,LOW,1,R06_HIGH_RISK_MERCHANT
CUST-0190,Peter Hughes,20.0,LOW,1,R06_HIGH_RISK_MERCHANT
CUST-0187,Sandra Brady,20.0,LOW,1,R06_HIGH_RISK_MERCHANT
CUST-0184,Gregory Johnson,20.0,LOW,1,R06_HIGH_RISK_MERCHANT
CUST-0182,Joseph Bowers,20.0,LOW,1,R06_HIGH_RISK_MERCHANT
CUST-0209,Sandra Allen,20.0,LOW,1,R06_HIGH_RISK_MERCHANT
CUST-0256,Megan Smith,20.0,LOW,1,R06_HIGH_RISK_MERCHANT
CUST-0289,Dakota Medina,20.0,LOW,1,R06_HIGH_RISK_MERCHANT
CUST-0286,Briana Reid,20.0,LOW,1,R06_HIGH_RISK_MERCHANT
CUST-0279,Debbie Nelson,20.0,LOW,1,R06_HIGH_RISK_MERCHANT
CUST-0284,Christine Bradley,20.0,LOW,1,R06_HIGH_RISK_MERCHANT
CUST-0171,Wesley Cervantes,20.0,LOW,1,R06_HIGH_RISK_MERCHANT
CUST-0170,Jeff Davis,20.0,LOW,1,R06_HIGH_RISK_MERCHANT
CUST-0169,Michelle Davis,20.0,LOW,1,R06_HIGH_RISK_MERCHANT
CUST-0177,Julia Rodriguez,20.0,LOW,1,R06_HIGH_RISK_MERCHANT
CUST-0162,Edward Davis,20.0,LOW,1,R06_HIGH_RISK_MERCHANT
CUST-0153,Morgan Sanchez,20.0,LOW,1,R06_HIGH_RISK_MERCHANT
CUST-0149,Alexandra Clark,20.0,LOW,2,R12_NEW_DEVICE_LOGIN;R15_VPN_LOGIN
CUST-0147,Joseph Mendoza,20.0,LOW,1,R06_HIGH_RISK_MERCHANT
CUST-0146,Hector Martinez,20.0,LOW,1,R06_HIGH_RISK_MERCHANT
CUST-0304,Lauren Ferrell,20.0,LOW,1,R06_HIGH_RISK_MERCHANT
CUST-0302,Dr. Andrea Scott DDS,20.0,LOW,1,R06_HIGH_RISK_MERCHANT
CUST-0164,Mallory Gonzalez,20.0,LOW,1,R06_HIGH_RISK_MERCHANT
CUST-0299,Michelle Costa,20.0,LOW,1,R06_HIGH_RISK_MERCHANT
CUST-0296,Travis Hill,20.0,LOW,1,R06_HIGH_RISK_MERCHANT
CUST-0295,Brett Clark,20.0,LOW,1,R06_HIGH_RISK_MERCHANT
CUST-0294,Deborah Gonzalez,20.0,LOW,1,R06_HIGH_RISK_MERCHANT
CUST-0291,Chad Andrade,20.0,LOW,1,R06_HIGH_RISK_MERCHANT
CUST-0290,Anthony Pollard,20.0,LOW,1,R06_HIGH_RISK_MERCHANT
CUST-0052,Megan White,20.0,LOW,1,R06_HIGH_RISK_MERCHANT
CUST-0051,Derek Smith,20.0,LOW,1,R06_HIGH_RISK_MERCHANT
CUST-0431,Robert Carter DDS,20.0,LOW,1,R06_HIGH_RISK_MERCHANT
CUST-0430,James Jones,20.0,LOW,1,R06_HIGH_RISK_MERCHANT
CUST-0429,Karina Carey,20.0,LOW,1,R06_HIGH_RISK_MERCHANT
CUST-0424,Lisa Best,20.0,LOW,1,R06_HIGH_RISK_MERCHANT
CUST-0422,Robert Compton,20.0,LOW,1,R06_HIGH_RISK_MERCHANT
CUST-0419,Michelle Estrada,20.0,LOW,1,R06_HIGH_RISK_MERCHANT
CUST-0418,Curtis Lopez,20.0,LOW,1,R06_HIGH_RISK_MERCHANT
CUST-0301,Valerie Cummings,20.0,LOW,1,R06_HIGH_RISK_MERCHANT
CUST-0078,Ana Herrera,20.0,LOW,1,R06_HIGH_RISK_MERCHANT
CUST-0077,Kevin Farley,20.0,LOW,1,R06_HIGH_RISK_MERCHANT
CUST-0076,Sean Ryan,20.0,LOW,1,R06_HIGH_RISK_MERCHANT
CUST-0319,Andrew Archer,20.0,LOW,1,R06_HIGH_RISK_MERCHANT
CUST-0317,Sheena Peters,20.0,LOW,1,R06_HIGH_RISK_MERCHANT
CUST-0315,Michael Cannon,20.0,LOW,1,R06_HIGH_RISK_MERCHANT
CUST-0314,Dr. Mary Lucas,20.0,LOW,1,R06_HIGH_RISK_MERCHANT
CUST-0312,Tanya Bailey,20.0,LOW,1,R06_HIGH_RISK_MERCHANT
CUST-0309,Charles Hines,20.0,LOW,1,R06_HIGH_RISK_MERCHANT
CUST-0308,Thomas Warren,20.0,LOW,1,R06_HIGH_RISK_MERCHANT
CUST-0160,Meghan Young,20.0,LOW,1,R06_HIGH_RISK_MERCHANT
CUST-0159,Andrew Liu,20.0,LOW,1,R06_HIGH_RISK_MERCHANT
CUST-0141,Kimberly Russell,20.0,LOW,1,R06_HIGH_RISK_MERCHANT
CUST-0137,Stephanie Caldwell,20.0,LOW,1,R06_HIGH_RISK_MERCHANT
CUST-0135,Thomas Davenport,20.0,LOW,1,R06_HIGH_RISK_MERCHANT
CUST-0132,Joshua Fernandez,20.0,LOW,1,R06_HIGH_RISK_MERCHANT
CUST-0131,John Nguyen,20.0,LOW,1,R06_HIGH_RISK_MERCHANT
CUST-0335,Jessica Mitchell,20.0,LOW,1,R06_HIGH_RISK_MERCHANT
CUST-0334,Joel Martin,20.0,LOW,1,R06_HIGH_RISK_MERCHANT
CUST-0333,Shannon Gutierrez,20.0,LOW,1,R06_HIGH_RISK_MERCHANT
CUST-0332,Susan Cunningham,20.0,LOW,1,R06_HIGH_RISK_MERCHANT
CUST-0331,Meghan Washington,20.0,LOW,1,R06_HIGH_RISK_MERCHANT
CUST-0330,Maurice Myers,20.0,LOW,1,R06_HIGH_RISK_MERCHANT
CUST-0325,Christopher Peterson,20.0,LOW,1,R06_HIGH_RISK_MERCHANT
CUST-0322,Joe Welch,20.0,LOW,1,R06_HIGH_RISK_MERCHANT
CUST-0123,Emily Key,20.0,LOW,1,R06_HIGH_RISK_MERCHANT
CUST-0122,Brandon Castaneda,20.0,LOW,1,R06_HIGH_RISK_MERCHANT
CUST-0121,Jim Davis,20.0,LOW,1,R06_HIGH_RISK_MERCHANT
CUST-0119,Nathan Wade,20.0,LOW,1,R06_HIGH_RISK_MERCHANT
CUST-0117,Richard Mckinney,20.0,LOW,1,R06_HIGH_RISK_MERCHANT
CUST-0114,Christopher Gibbs,20.0,LOW,1,R06_HIGH_RISK_MERCHANT
CUST-0081,Paige Woods,20.0,LOW,1,R06_HIGH_RISK_MERCHANT
CUST-0351,Dr. Abigail Howard,20.0,LOW,1,R06_HIGH_RISK_MERCHANT
CUST-0344,Joseph Scott,20.0,LOW,1,R06_HIGH_RISK_MERCHANT
CUST-0338,Kyle Murillo,20.0,LOW,1,R06_HIGH_RISK_MERCHANT
CUST-0339,Alan Garrett,20.0,LOW,1,R06_HIGH_RISK_MERCHANT
CUST-0075,Derek Hamilton,20.0,LOW,1,R06_HIGH_RISK_MERCHANT
CUST-0074,William Lane,20.0,LOW,1,R06_HIGH_RISK_MERCHANT
CUST-0073,Rebecca Duffy,20.0,LOW,1,R06_HIGH_RISK_MERCHANT
CUST-0143,Ryan Miller,20.0,LOW,1,R06_HIGH_RISK_MERCHANT
CUST-0066,Jacqueline Mathis,20.0,LOW,1,R06_HIGH_RISK_MERCHANT
CUST-0416,Hunter Myers,20.0,LOW,1,R06_HIGH_RISK_MERCHANT
CUST-0413,Brent Velez,20.0,LOW,1,R06_HIGH_RISK_MERCHANT
CUST-0405,Kyle Arnold,20.0,LOW,1,R06_HIGH_RISK_MERCHANT
CUST-0093,Amy Houston,20.0,LOW,1,R06_HIGH_RISK_MERCHANT
CUST-0369,Linda Keller,20.0,LOW,1,R06_HIGH_RISK_MERCHANT
CUST-0368,Aaron Jones,20.0,LOW,1,R06_HIGH_RISK_MERCHANT
CUST-0067,Brianna Hall,20.0,LOW,1,R06_HIGH_RISK_MERCHANT
CUST-0365,Jessica Thompson,20.0,LOW,1,R06_HIGH_RISK_MERCHANT
CUST-0363,Brian Silva,20.0,LOW,1,R06_HIGH_RISK_MERCHANT
CUST-0362,Thomas Ward,20.0,LOW,1,R06_HIGH_RISK_MERCHANT
CUST-0360,Paula Boyd,20.0,LOW,1,R06_HIGH_RISK_MERCHANT
CUST-0358,Allen Peters,20.0,LOW,1,R06_HIGH_RISK_MERCHANT
CUST-0357,Joseph Wright,20.0,LOW,1,R06_HIGH_RISK_MERCHANT
CUST-0355,Brett Williams,20.0,LOW,1,R06_HIGH_RISK_MERCHANT
CUST-0126,John King,20.0,LOW,1,R06_HIGH_RISK_MERCHANT
CUST-0385,Tracy Willis DDS,20.0,LOW,1,R06_HIGH_RISK_MERCHANT
CUST-0377,David Crane,20.0,LOW,1,R06_HIGH_RISK_MERCHANT
CUST-0371,Michael Alvarado,20.0,LOW,1,R06_HIGH_RISK_MERCHANT
CUST-0370,Julie Hart,20.0,LOW,1,R06_HIGH_RISK_MERCHANT
CUST-0112,Edgar Evans,20.0,LOW,1,R06_HIGH_RISK_MERCHANT
CUST-0111,Marissa Clark,20.0,LOW,1,R06_HIGH_RISK_MERCHANT
CUST-0109,Casey Morris,20.0,LOW,1,R06_HIGH_RISK_MERCHANT
CUST-0367,George Wallace,20.0,LOW,1,R06_HIGH_RISK_MERCHANT
CUST-0108,Sandra Gonzalez,20.0,LOW,1,R06_HIGH_RISK_MERCHANT
CUST-0106,Tim Mason,20.0,LOW,1,R06_HIGH_RISK_MERCHANT
CUST-0102,Heather Brown,20.0,LOW,1,R06_HIGH_RISK_MERCHANT
CUST-0104,Marissa Gordon DDS,20.0,LOW,1,R06_HIGH_RISK_MERCHANT
CUST-0091,Cheryl Diaz,20.0,LOW,1,R06_HIGH_RISK_MERCHANT
CUST-0089,Rachel Kirk,20.0,LOW,1,R06_HIGH_RISK_MERCHANT
CUST-0086,Paul Nielsen,20.0,LOW,1,R06_HIGH_RISK_MERCHANT
CUST-0100,Alan Martin,20.0,LOW,1,R06_HIGH_RISK_MERCHANT
CUST-0398,Hector Perez,20.0,LOW,1,R06_HIGH_RISK_MERCHANT
CUST-0397,Crystal Ray,20.0,LOW,1,R06_HIGH_RISK_MERCHANT
CUST-0395,Kevin Livingston,20.0,LOW,1,R06_HIGH_RISK_MERCHANT
CUST-0393,Annette Smith,20.0,LOW,1,R06_HIGH_RISK_MERCHANT
CUST-0391,Eugene Griffin,20.0,LOW,1,R06_HIGH_RISK_MERCHANT
CUST-0389,Hannah Day,20.0,LOW,1,R06_HIGH_RISK_MERCHANT
CUST-0387,Patrick Solis,20.0,LOW,1,R06_HIGH_RISK_MERCHANT
CUST-0400,Chase Crawford,20.0,LOW,1,R06_HIGH_RISK_MERCHANT
CUST-0386,Ruth Powell,20.0,LOW,1,R06_HIGH_RISK_MERCHANT
CUST-0476,Meredith Turner,20.0,LOW,1,R06_HIGH_RISK_MERCHANT
CUST-0473,Elizabeth Jones,20.0,LOW,1,R06_HIGH_RISK_MERCHANT
CUST-0475,Aaron Powell,20.0,LOW,1,R06_HIGH_RISK_MERCHANT
CUST-0468,Shawn Valdez,20.0,LOW,1,R06_HIGH_RISK_MERCHANT
CUST-0031,Kenneth Waters,20.0,LOW,1,R06_HIGH_RISK_MERCHANT
CUST-0021,Valerie Potter,20.0,LOW,1,R06_HIGH_RISK_MERCHANT
CUST-0472,William Curry,20.0,LOW,1,R06_HIGH_RISK_MERCHANT
CUST-0216,Mary Ballard,20.0,LOW,1,R06_HIGH_RISK_MERCHANT
CUST-0215,Michelle Jones,20.0,LOW,1,R06_HIGH_RISK_MERCHANT
CUST-0497,Richard Campbell DDS,20.0,LOW,1,R06_HIGH_RISK_MERCHANT
CUST-0490,Grace Dunn,20.0,LOW,1,R06_HIGH_RISK_MERCHANT
CUST-0488,Rhonda King,20.0,LOW,1,R06_HIGH_RISK_MERCHANT
CUST-0486,Rhonda Mcclain,20.0,LOW,1,R06_HIGH_RISK_MERCHANT
CUST-0011,Nicholas Fuller,20.0,LOW,1,R06_HIGH_RISK_MERCHANT
CUST-0009,Brandi Wilson,20.0,LOW,1,R06_HIGH_RISK_MERCHANT
CUST-0023,Matthew Miller,15.0,LOW,1,R18_HIGH_TRANSACTION_FREQUENCY
CUST-0005,Yolanda Diaz,15.0,LOW,1,R18_HIGH_TRANSACTION_FREQUENCY
CUST-0027,Jennifer Williams,15.0,LOW,1,R18_HIGH_TRANSACTION_FREQUENCY
CUST-0288,Christopher Thomas,15.0,LOW,1,R18_HIGH_TRANSACTION_FREQUENCY
CUST-0454,Jessica Ortiz,15.0,LOW,1,R18_HIGH_TRANSACTION_FREQUENCY
CUST-0026,Jane Weaver,10.0,LOW,1,R15_VPN_LOGIN
CUST-0028,Thomas Sutton,10.0,LOW,1,R15_VPN_LOGIN
CUST-0020,Timothy Jefferson,10.0,LOW,1,R15_VPN_LOGIN
CUST-0098,Raymond Malone,10.0,LOW,1,R12_NEW_DEVICE_LOGIN
CUST-0329,Zachary Morgan,10.0,LOW,1,R15_VPN_LOGIN
CUST-0158,Jeremiah Rowe,10.0,LOW,1,R15_VPN_LOGIN
CUST-0275,Samuel Walker,10.0,LOW,1,R15_VPN_LOGIN
CUST-0163,Jessica Benson,10.0,LOW,1,R15_VPN_LOGIN
CUST-0448,Amber Lee,10.0,LOW,1,R15_VPN_LOGIN
CUST-0260,Jordan Armstrong,10.0,LOW,1,R15_VPN_LOGIN
CUST-0002,Kenneth Lawson MD,10.0,LOW,1,R15_VPN_LOGIN
CUST-0167,Aaron Evans,10.0,LOW,1,R15_VPN_LOGIN
CUST-0404,James Rodriguez,10.0,LOW,1,R15_VPN_LOGIN
CUST-0414,Ryan Mcfarland,10.0,LOW,1,R15_VPN_LOGIN
CUST-0154,Megan Thompson,10.0,LOW,1,R15_VPN_LOGIN
CUST-0342,Amanda Nash,10.0,LOW,1,R15_VPN_LOGIN
CUST-0097,Holly Wright,10.0,LOW,1,R12_NEW_DEVICE_LOGIN
CUST-0366,Thomas Goodman,10.0,LOW,1,R12_NEW_DEVICE_LOGIN
CUST-0383,Hunter Cameron,10.0,LOW,1,R15_VPN_LOGIN
CUST-0088,Christina Gutierrez,10.0,LOW,1,R15_VPN_LOGIN
CUST-0048,Felicia Gray MD,10.0,LOW,1,R15_VPN_LOGIN
CUST-0458,James Martin,10.0,LOW,1,R15_VPN_LOGIN
CUST-0103,Ronnie Harris,0.0,LOW,0,
CUST-0401,David Obrien,0.0,LOW,0,
CUST-0082,Anthony Cruz,0.0,LOW,0,
CUST-0029,Brian Ramirez,0.0,LOW,0,
CUST-0030,Johnny Wilson,0.0,LOW,0,
CUST-0394,Melody Bailey,0.0,LOW,0,
CUST-0025,Logan Rodriguez,0.0,LOW,0,
CUST-0012,James Mejia,0.0,LOW,0,
CUST-0013,Frederick Hancock,0.0,LOW,0,
CUST-0015,Rebecca Watson,0.0,LOW,0,
CUST-0494,Patrick Landry,0.0,LOW,0,
CUST-0487,Tyler Hill,0.0,LOW,0,
CUST-0214,Jill Wilson,0.0,LOW,0,
CUST-0213,Diane Griffith,0.0,LOW,0,
CUST-0124,Steven Duncan,0.0,LOW,0,
CUST-0379,Carolyn Figueroa,0.0,LOW,0,
CUST-0343,Jason Wang,0.0,LOW,0,
CUST-0145,Stephanie Barker,0.0,LOW,0,
CUST-0155,Janet Hayes,0.0,LOW,0,
CUST-0307,Amanda Carrillo,0.0,LOW,0,
CUST-0144,Troy Clark,0.0,LOW,0,
CUST-0136,Brandon Shaffer,0.0,LOW,0,
CUST-0096,Brian Mann,0.0,LOW,0,
CUST-0095,Stephen Gray,0.0,LOW,0,
CUST-0092,Timothy Brown,0.0,LOW,0,
CUST-0406,Wesley Ponce,0.0,LOW,0,
CUST-0142,Miguel Johnson,0.0,LOW,0,
CUST-0364,Jeffrey Wood,0.0,LOW,0,
CUST-0354,Stacy Larson,0.0,LOW,0,
CUST-0128,Cindy Chandler,0.0,LOW,0,
CUST-0305,Susan Harrington,0.0,LOW,0,
CUST-0297,Adam West,0.0,LOW,0,
CUST-0425,Sandra Massey,0.0,LOW,0,
CUST-0421,James Smith,0.0,LOW,0,
CUST-0316,Lawrence Adams,0.0,LOW,0,
CUST-0420,Mark Raymond,0.0,LOW,0,
CUST-0313,Samantha Bowers,0.0,LOW,0,
CUST-0311,Sara Welch,0.0,LOW,0,
CUST-0323,Brittany Robertson DVM,0.0,LOW,0,
CUST-0310,Katherine Bright,0.0,LOW,0,
CUST-0062,Daniel Smith,0.0,LOW,0,
CUST-0038,Robert Powell,0.0,LOW,0,
CUST-0183,Amanda Roberts DVM,0.0,LOW,0,
CUST-0179,Teresa Simon,0.0,LOW,0,
CUST-0276,Michael Guzman,0.0,LOW,0,
CUST-0281,Laura Gibbs,0.0,LOW,0,
CUST-0218,Amy Gallegos,0.0,LOW,0,
CUST-0207,Diane Avila,0.0,LOW,0,
CUST-0198,Michelle Solomon,0.0,LOW,0,
CUST-0254,Michael Jarvis,0.0,LOW,0,
CUST-0228,Tracie Wood,0.0,LOW,0,
CUST-0232,Patrick White,0.0,LOW,0,
CUST-0234,Curtis Mcdonald,0.0,LOW,0,
CUST-0239,Stuart Banks,0.0,LOW,0,
CUST-0047,Shannon Adams,0.0,LOW,0,
CUST-0045,Alison Barrett,0.0,LOW,0,
CUST-0039,John Simmons,0.0,LOW,0,
CUST-0242,Kyle Cohen,0.0,LOW,0,
CUST-0049,Travis Stone,0.0,LOW,0,
CUST-0463,Jason Moreno,0.0,LOW,0,
CUST-0004,Ariana Schultz,0.0,LOW,0,
CUST-0003,Steven Tapia,0.0,LOW,0,
